filename,score
train/0001.mp4,3.361111111
train/0002.mp4,3.694444444
train/0003.mp4,3.833333333
train/0004.mp4,3.722222222
train/0005.mp4,3.75
train/0006.mp4,3.555555556
train/0007.mp4,3.111111111
train/0008.mp4,3.138888889
train/0009.mp4,3.166666667
train/0010.mp4,3.305555556
train/0011.mp4,3.444444444
train/0012.mp4,3.083333333
train/0013.mp4,3.111111111
train/0014.mp4,2.777777778
train/0015.mp4,3.027777778
train/0016.mp4,3.0
train/0017.mp4,3.055555556
train/0018.mp4,3.027777778
train/0019.mp4,3.111111111
train/0020.mp4,3.083333333
train/0021.mp4,2.972222222
train/0022.mp4,3.722222222
train/0023.mp4,3.944444444
train/0024.mp4,3.972222222
train/0025.mp4,3.888888889
train/0026.mp4,3.75
train/0027.mp4,3.722222222
train/0028.mp4,3.527777778
train/0029.mp4,4.138888889
train/0030.mp4,4.166666667
train/0031.mp4,4.0
train/0032.mp4,4.055555556
train/0033.mp4,4.027777778
train/0034.mp4,3.722222222
train/0035.mp4,3.583333333
train/0036.mp4,4.138888889
train/0037.mp4,4.138888889
train/0038.mp4,3.805555556
train/0039.mp4,3.777777778
train/0040.mp4,3.472222222
train/0041.mp4,3.166666667
train/0042.mp4,2.638888889
train/0043.mp4,3.194444444
train/0044.mp4,3.305555556
train/0045.mp4,3.388888889
train/0046.mp4,3.194444444
train/0047.mp4,3.194444444
train/0048.mp4,3.138888889
train/0049.mp4,2.694444444
train/0050.mp4,3.95
train/0051.mp4,4.35
train/0052.mp4,4.45
train/0053.mp4,4.5
train/0054.mp4,4.3
train/0055.mp4,4.25
train/0056.mp4,3.75
train/0057.mp4,3.583333333
train/0058.mp4,3.361111111
train/0059.mp4,3.361111111
train/0060.mp4,3.361111111
train/0061.mp4,3.222222222
train/0062.mp4,2.916666667
train/0063.mp4,2.472222222
train/0064.mp4,4.166666667
train/0065.mp4,4.138888889
train/0066.mp4,3.944444444
train/0067.mp4,3.916666667
train/0068.mp4,3.916666667
train/0069.mp4,4.0
train/0070.mp4,3.638888889
train/0071.mp4,2.888888889
train/0072.mp4,3.083333333
train/0073.mp4,3.166666667
train/0074.mp4,3.055555556
train/0075.mp4,2.805555556
train/0076.mp4,2.555555556
train/0077.mp4,2.222222222
train/0078.mp4,3.527777778
train/0079.mp4,3.361111111
train/0080.mp4,3.5
train/0081.mp4,3.333333333
train/0082.mp4,3.25
train/0083.mp4,3.0
train/0084.mp4,2.472222222
train/0085.mp4,3.944444444
train/0086.mp4,3.666666667
train/0087.mp4,3.5
train/0088.mp4,3.5
train/0089.mp4,3.583333333
train/0090.mp4,3.138888889
train/0091.mp4,2.861111111
train/0092.mp4,4.25
train/0093.mp4,4.138888889
train/0094.mp4,4.194444444
train/0095.mp4,3.916666667
train/0096.mp4,3.583333333
train/0097.mp4,3.083333333
train/0098.mp4,2.944444444
train/0099.mp4,3.583333333
train/0100.mp4,3.722222222
train/0101.mp4,3.666666667
train/0102.mp4,3.583333333
train/0103.mp4,3.472222222
train/0104.mp4,3.111111111
train/0105.mp4,2.722222222
train/0106.mp4,3.694444444
train/0107.mp4,3.555555556
train/0108.mp4,3.583333333
train/0109.mp4,3.277777778
train/0110.mp4,3.305555556
train/0111.mp4,3.138888889
train/0112.mp4,2.527777778
train/0113.mp4,4.111111111
train/0114.mp4,3.944444444
train/0115.mp4,3.972222222
train/0116.mp4,3.833333333
train/0117.mp4,4.055555556
train/0118.mp4,3.638888889
train/0119.mp4,2.944444444
train/0120.mp4,2.777777778
train/0121.mp4,2.916666667
train/0122.mp4,2.777777778
train/0123.mp4,2.805555556
train/0124.mp4,2.555555556
train/0125.mp4,2.277777778
train/0126.mp4,1.861111111
train/0127.mp4,3.25
train/0128.mp4,3.722222222
train/0129.mp4,3.638888889
train/0130.mp4,3.555555556
train/0131.mp4,3.305555556
train/0132.mp4,3.194444444
train/0133.mp4,2.916666667
train/0134.mp4,3.916666667
train/0135.mp4,3.694444444
train/0136.mp4,3.75
train/0137.mp4,3.666666667
train/0138.mp4,3.555555556
train/0139.mp4,3.222222222
train/0140.mp4,3.0
train/0141.mp4,3.416666667
train/0142.mp4,3.416666667
train/0143.mp4,3.388888889
train/0144.mp4,3.277777778
train/0145.mp4,3.138888889
train/0146.mp4,2.75
train/0147.mp4,2.222222222
train/0148.mp4,4.166666667
train/0149.mp4,3.833333333
train/0150.mp4,3.722222222
train/0151.mp4,3.777777778
train/0152.mp4,3.472222222
train/0153.mp4,3.25
train/0154.mp4,2.861111111
train/0155.mp4,3.472222222
train/0156.mp4,3.722222222
train/0157.mp4,3.916666667
train/0158.mp4,3.75
train/0159.mp4,3.5
train/0160.mp4,3.25
train/0161.mp4,2.861111111
train/0162.mp4,3.388888889
train/0163.mp4,3.472222222
train/0164.mp4,3.361111111
train/0165.mp4,3.416666667
train/0166.mp4,3.444444444
train/0167.mp4,3.25
train/0168.mp4,3.111111111
train/0169.mp4,3.25
train/0170.mp4,3.111111111
train/0171.mp4,3.25
train/0172.mp4,3.027777778
train/0173.mp4,3.027777778
train/0174.mp4,2.694444444
train/0175.mp4,2.277777778
train/0176.mp4,3.5
train/0177.mp4,3.25
train/0178.mp4,3.222222222
train/0179.mp4,3.25
train/0180.mp4,3.111111111
train/0181.mp4,3.0
train/0182.mp4,2.5
train/0183.mp4,2.97222222222222
train/0184.mp4,1.88888888888888
train/0185.mp4,2.77777777777777
train/0186.mp4,3.30555555555555
train/0187.mp4,3.36111111111111
train/0188.mp4,3.36111111111111
train/0189.mp4,3.08333333333333
train/0190.mp4,3.5
train/0191.mp4,3.388888889
train/0192.mp4,3.472222222
train/0193.mp4,3.555555556
train/0194.mp4,3.222222222
train/0195.mp4,3.055555556
train/0196.mp4,2.944444444
train/0197.mp4,3.611111111
train/0198.mp4,3.5
train/0199.mp4,3.444444444
train/0200.mp4,3.222222222
train/0201.mp4,3.361111111
train/0202.mp4,2.777777778
train/0203.mp4,2.805555556
train/0204.mp4,2.694444444
train/0205.mp4,2.444444444
train/0206.mp4,2.5
train/0207.mp4,2.472222222
train/0208.mp4,2.277777778
train/0209.mp4,2.083333333
train/0210.mp4,1.75
train/0211.mp4,3.833333333
train/0212.mp4,3.805555556
train/0213.mp4,3.666666667
train/0214.mp4,3.611111111
train/0215.mp4,3.638888889
train/0216.mp4,3.472222222
train/0217.mp4,3.055555556
train/0218.mp4,3.083333333
train/0219.mp4,3.388888889
train/0220.mp4,3.361111111
train/0221.mp4,3.111111111
train/0222.mp4,3.055555556
train/0223.mp4,2.916666667
train/0224.mp4,2.583333333
train/0225.mp4,3.305555556
train/0226.mp4,3.277777778
train/0227.mp4,3.055555556
train/0228.mp4,3.194444444
train/0229.mp4,3.305555556
train/0230.mp4,2.777777778
train/0231.mp4,2.611111111
train/0232.mp4,2.861111111
train/0233.mp4,3.027777778
train/0234.mp4,2.972222222
train/0235.mp4,2.944444444
train/0236.mp4,2.861111111
train/0237.mp4,2.527777778
train/0238.mp4,2.333333333
train/0239.mp4,3.722222222
train/0240.mp4,3.583333333
train/0241.mp4,3.638888889
train/0242.mp4,3.361111111
train/0243.mp4,2.972222222
train/0244.mp4,2.916666667
train/0245.mp4,2.305555556
train/0246.mp4,3.166666667
train/0247.mp4,2.944444444
train/0248.mp4,3.111111111
train/0249.mp4,3.027777778
train/0250.mp4,3.027777778
train/0251.mp4,3.027777778
train/0252.mp4,2.805555556
train/0253.mp4,3.277777778
train/0254.mp4,3.5
train/0255.mp4,3.388888889
train/0256.mp4,3.416666667
train/0257.mp4,3.416666667
train/0258.mp4,3.027777778
train/0259.mp4,2.916666667
train/0260.mp4,3.361111111
train/0261.mp4,3.277777778
train/0262.mp4,3.083333333
train/0263.mp4,3.166666667
train/0264.mp4,2.972222222
train/0265.mp4,2.972222222
train/0266.mp4,2.777777778
train/0267.mp4,2.6
train/0268.mp4,2.8
train/0269.mp4,2.55
train/0270.mp4,2.6
train/0271.mp4,2.55
train/0272.mp4,2.15
train/0273.mp4,1.7
train/0274.mp4,3.944444444
train/0275.mp4,3.916666667
train/0276.mp4,3.972222222
train/0277.mp4,3.75
train/0278.mp4,3.5
train/0279.mp4,3.083333333
train/0280.mp4,2.972222222
train/0281.mp4,3.972222222
train/0282.mp4,3.722222222
train/0283.mp4,3.833333333
train/0284.mp4,3.944444444
train/0285.mp4,3.444444444
train/0286.mp4,3.055555556
train/0287.mp4,2.833333333
train/0288.mp4,3.638888889
train/0289.mp4,3.444444444
train/0290.mp4,3.666666667
train/0291.mp4,3.333333333
train/0292.mp4,3.027777778
train/0293.mp4,3.027777778
train/0294.mp4,2.638888889
train/0295.mp4,2.972222222
train/0296.mp4,3.194444444
train/0297.mp4,3.138888889
train/0298.mp4,3.138888889
train/0299.mp4,2.916666667
train/0300.mp4,2.666666667
train/0301.mp4,2.583333333
train/0302.mp4,3.5
train/0303.mp4,3.805555556
train/0304.mp4,3.611111111
train/0305.mp4,3.527777778
train/0306.mp4,3.166666667
train/0307.mp4,2.805555556
train/0308.mp4,2.111111111
train/0309.mp4,3.416666667
train/0310.mp4,3.555555556
train/0311.mp4,3.555555556
train/0312.mp4,3.277777778
train/0313.mp4,3.277777778
train/0314.mp4,3.166666667
train/0315.mp4,2.416666667
train/0316.mp4,2.75
train/0317.mp4,3.222222222
train/0318.mp4,3.305555556
train/0319.mp4,3.222222222
train/0320.mp4,2.833333333
train/0321.mp4,2.611111111
train/0322.mp4,2.111111111
train/0323.mp4,3.666666667
train/0324.mp4,3.722222222
train/0325.mp4,3.833333333
train/0326.mp4,3.75
train/0327.mp4,3.666666667
train/0328.mp4,3.388888889
train/0329.mp4,2.777777778
train/0330.mp4,4.222222222
train/0331.mp4,3.888888889
train/0332.mp4,3.972222222
train/0333.mp4,3.888888889
train/0334.mp4,3.833333333
train/0335.mp4,3.25
train/0336.mp4,2.888888889
train/0337.mp4,3.833333333
train/0338.mp4,3.805555556
train/0339.mp4,3.75
train/0340.mp4,3.5
train/0341.mp4,3.444444444
train/0342.mp4,3.111111111
train/0343.mp4,2.611111111
train/0344.mp4,4.083333333
train/0345.mp4,4.027777778
train/0346.mp4,3.944444444
train/0347.mp4,3.972222222
train/0348.mp4,3.833333333
train/0349.mp4,3.277777778
train/0350.mp4,2.861111111
train/0351.mp4,2.75
train/0352.mp4,3.0
train/0353.mp4,2.916666667
train/0354.mp4,2.916666667
train/0355.mp4,2.805555556
train/0356.mp4,2.166666667
train/0357.mp4,2.027777778
train/0358.mp4,3.361111111
train/0359.mp4,3.25
train/0360.mp4,3.222222222
train/0361.mp4,3.166666667
train/0362.mp4,3.25
train/0363.mp4,3.027777778
train/0364.mp4,2.777777778
train/0365.mp4,3.666666667
train/0366.mp4,3.75
train/0367.mp4,3.555555556
train/0368.mp4,3.5
train/0369.mp4,3.277777778
train/0370.mp4,3.027777778
train/0371.mp4,2.555555556
train/0372.mp4,2.611111111
train/0373.mp4,2.5
train/0374.mp4,2.305555556
train/0375.mp4,2.416666667
train/0376.mp4,2.333333333
train/0377.mp4,2.222222222
train/0378.mp4,2.083333333
train/0379.mp4,3.972222222
train/0380.mp4,3.75
train/0381.mp4,3.527777778
train/0382.mp4,3.388888889
train/0383.mp4,3.333333333
train/0384.mp4,2.972222222
train/0385.mp4,2.555555556
train/0386.mp4,3.611111111
train/0387.mp4,3.333333333
train/0388.mp4,3.194444444
train/0389.mp4,3.0
train/0390.mp4,2.888888889
train/0391.mp4,2.555555556
train/0392.mp4,2.472222222
train/0393.mp4,2.861111111
train/0394.mp4,3.111111111
train/0395.mp4,2.972222222
train/0396.mp4,2.944444444
train/0397.mp4,2.833333333
train/0398.mp4,2.555555556
train/0399.mp4,2.361111111
train/0400.mp4,3.472222222
train/0401.mp4,3.75
train/0402.mp4,3.75
train/0403.mp4,3.5
train/0404.mp4,3.5
train/0405.mp4,2.916666667
train/0406.mp4,2.666666667
train/0407.mp4,2.416666667
train/0408.mp4,2.833333333
train/0409.mp4,2.611111111
train/0410.mp4,2.638888889
train/0411.mp4,2.638888889
train/0412.mp4,2.5
train/0413.mp4,2.194444444
train/0414.mp4,2.805555556
train/0415.mp4,3.111111111
train/0416.mp4,3.027777778
train/0417.mp4,3.027777778
train/0418.mp4,2.972222222
train/0419.mp4,2.944444444
train/0420.mp4,2.638888889
train/0421.mp4,4.138888889
train/0422.mp4,3.777777778
train/0423.mp4,3.888888889
train/0424.mp4,3.694444444
train/0425.mp4,3.75
train/0426.mp4,3.277777778
train/0427.mp4,3.0
train/0428.mp4,4.166666667
train/0429.mp4,3.972222222
train/0430.mp4,3.944444444
train/0431.mp4,3.916666667
train/0432.mp4,3.777777778
train/0433.mp4,3.611111111
train/0434.mp4,3.0
train/0435.mp4,4.166666667
train/0436.mp4,3.888888889
train/0437.mp4,4.083333333
train/0438.mp4,3.638888889
train/0439.mp4,3.833333333
train/0440.mp4,3.555555556
train/0441.mp4,3.0
train/0442.mp4,3.722222222
train/0443.mp4,3.75
train/0444.mp4,3.5
train/0445.mp4,3.361111111
train/0446.mp4,3.166666667
train/0447.mp4,2.888888889
train/0448.mp4,2.305555556
train/0449.mp4,3.138888889
train/0450.mp4,3.305555556
train/0451.mp4,3.166666667
train/0452.mp4,3.166666667
train/0453.mp4,3.111111111
train/0454.mp4,2.916666667
train/0455.mp4,2.916666667
train/0456.mp4,4.083333333
train/0457.mp4,3.944444444
train/0458.mp4,3.888888889
train/0459.mp4,4.111111111
train/0460.mp4,3.444444444
train/0461.mp4,3.416666667
train/0462.mp4,2.861111111
train/0463.mp4,3.611111111
train/0464.mp4,3.527777778
train/0465.mp4,3.388888889
train/0466.mp4,3.5
train/0467.mp4,3.361111111
train/0468.mp4,3.055555556
train/0469.mp4,2.722222222
train/0470.mp4,3.694444444
train/0471.mp4,3.694444444
train/0472.mp4,3.555555556
train/0473.mp4,3.444444444
train/0474.mp4,3.694444444
train/0475.mp4,3.555555556
train/0476.mp4,3.111111111
train/0477.mp4,3.555555556
train/0478.mp4,3.361111111
train/0479.mp4,3.25
train/0480.mp4,3.277777778
train/0481.mp4,3.194444444
train/0482.mp4,3.388888889
train/0483.mp4,3.25
train/0484.mp4,2.888888889
train/0485.mp4,3.305555556
train/0486.mp4,3.333333333
train/0487.mp4,3.194444444
train/0488.mp4,3.111111111
train/0489.mp4,2.888888889
train/0490.mp4,2.25
train/0491.mp4,2.805555556
train/0492.mp4,2.861111111
train/0493.mp4,2.583333333
train/0494.mp4,2.638888889
train/0495.mp4,2.25
train/0496.mp4,2.277777778
train/0497.mp4,1.666666667
train/0498.mp4,3.388888889
train/0499.mp4,3.388888889
train/0500.mp4,3.388888889
train/0501.mp4,3.277777778
train/0502.mp4,3.5
train/0503.mp4,3.138888889
train/0504.mp4,2.805555556
train/0505.mp4,3.75
train/0506.mp4,3.555555556
train/0507.mp4,3.388888889
train/0508.mp4,3.527777778
train/0509.mp4,3.388888889
train/0510.mp4,3.222222222
train/0511.mp4,3.027777778
train/0512.mp4,3.861111111
train/0513.mp4,3.833333333
train/0514.mp4,3.75
train/0515.mp4,3.638888889
train/0516.mp4,3.555555556
train/0517.mp4,3.277777778
train/0518.mp4,3.111111111
train/0519.mp4,3.972222222
train/0520.mp4,3.861111111
train/0521.mp4,3.722222222
train/0522.mp4,3.75
train/0523.mp4,3.666666667
train/0524.mp4,3.555555556
train/0525.mp4,3.388888889
train/0526.mp4,2.194444444
train/0527.mp4,2.111111111
train/0528.mp4,2.138888889
train/0529.mp4,1.972222222
train/0530.mp4,1.972222222
train/0531.mp4,1.972222222
train/0532.mp4,1.833333333
train/0533.mp4,3.944444444
train/0534.mp4,3.555555556
train/0535.mp4,3.527777778
train/0536.mp4,3.611111111
train/0537.mp4,3.666666667
train/0538.mp4,3.25
train/0539.mp4,3.25
train/0540.mp4,3.527777778
train/0541.mp4,3.388888889
train/0542.mp4,3.583333333
train/0543.mp4,3.333333333
train/0544.mp4,3.138888889
train/0545.mp4,2.583333333
train/0546.mp4,2.388888889
train/0547.mp4,4.25
train/0548.mp4,4.194444444
train/0549.mp4,4.027777778
train/0550.mp4,3.944444444
train/0551.mp4,3.666666667
train/0552.mp4,3.388888889
train/0553.mp4,2.833333333
train/0554.mp4,2.944444444
train/0555.mp4,2.75
train/0556.mp4,2.722222222
train/0557.mp4,2.583333333
train/0558.mp4,2.638888889
train/0559.mp4,2.305555556
train/0560.mp4,2.055555556
train/0561.mp4,3.527777778
train/0562.mp4,3.861111111
train/0563.mp4,3.888888889
train/0564.mp4,3.777777778
train/0565.mp4,3.916666667
train/0566.mp4,3.666666667
train/0567.mp4,3.222222222
train/0568.mp4,3.638888889
train/0569.mp4,3.75
train/0570.mp4,3.75
train/0571.mp4,3.75
train/0572.mp4,3.666666667
train/0573.mp4,3.277777778
train/0574.mp4,3.0
train/0575.mp4,3.638888889
train/0576.mp4,3.75
train/0577.mp4,3.611111111
train/0578.mp4,3.722222222
train/0579.mp4,3.5
train/0580.mp4,3.388888889
train/0581.mp4,3.0
train/0582.mp4,3.833333333
train/0583.mp4,3.5
train/0584.mp4,3.638888889
train/0585.mp4,3.5
train/0586.mp4,3.527777778
train/0587.mp4,3.305555556
train/0588.mp4,2.75
train/0589.mp4,3.4
train/0590.mp4,3.9
train/0591.mp4,3.95
train/0592.mp4,3.95
train/0593.mp4,4.1
train/0594.mp4,3.9
train/0595.mp4,3.75
train/0596.mp4,4.138888889
train/0597.mp4,3.833333333
train/0598.mp4,3.694444444
train/0599.mp4,3.777777778
train/0600.mp4,3.833333333
train/0601.mp4,3.611111111
train/0602.mp4,3.222222222
train/0603.mp4,3.361111111
train/0604.mp4,3.527777778
train/0605.mp4,3.25
train/0606.mp4,3.166666667
train/0607.mp4,3.055555556
train/0608.mp4,2.916666667
train/0609.mp4,2.444444444
train/0610.mp4,3.111111111
train/0611.mp4,3.055555556
train/0612.mp4,3.055555556
train/0613.mp4,3.0
train/0614.mp4,3.111111111
train/0615.mp4,2.944444444
train/0616.mp4,2.944444444
train/0617.mp4,3.944444444
train/0618.mp4,3.861111111
train/0619.mp4,3.666666667
train/0620.mp4,3.694444444
train/0621.mp4,3.666666667
train/0622.mp4,3.416666667
train/0623.mp4,3.305555556
train/0624.mp4,3.777777778
train/0625.mp4,3.555555556
train/0626.mp4,3.666666667
train/0627.mp4,3.583333333
train/0628.mp4,3.638888889
train/0629.mp4,3.305555556
train/0630.mp4,2.583333333
train/0631.mp4,4.083333333
train/0632.mp4,3.722222222
train/0633.mp4,3.666666667
train/0634.mp4,3.583333333
train/0635.mp4,3.305555556
train/0636.mp4,3.027777778
train/0637.mp4,2.777777778
train/0638.mp4,3.527777778
train/0639.mp4,3.444444444
train/0640.mp4,3.305555556
train/0641.mp4,3.055555556
train/0642.mp4,2.75
train/0643.mp4,2.166666667
train/0644.mp4,2.083333333
train/0645.mp4,3.611111111
train/0646.mp4,3.555555556
train/0647.mp4,3.5
train/0648.mp4,3.222222222
train/0649.mp4,3.083333333
train/0650.mp4,2.972222222
train/0651.mp4,2.611111111
train/0652.mp4,3.388888889
train/0653.mp4,3.638888889
train/0654.mp4,3.555555556
train/0655.mp4,3.444444444
train/0656.mp4,3.111111111
train/0657.mp4,3.055555556
train/0658.mp4,2.611111111
train/0659.mp4,3.805555556
train/0660.mp4,3.916666667
train/0661.mp4,4.0
train/0662.mp4,3.861111111
train/0663.mp4,3.722222222
train/0664.mp4,3.472222222
train/0665.mp4,3.194444444
train/0666.mp4,3.416666667
train/0667.mp4,3.444444444
train/0668.mp4,3.555555556
train/0669.mp4,3.444444444
train/0670.mp4,3.277777778
train/0671.mp4,3.25
train/0672.mp4,3.055555556
train/0673.mp4,3.555555556
train/0674.mp4,3.611111111
train/0675.mp4,3.555555556
train/0676.mp4,3.583333333
train/0677.mp4,3.472222222
train/0678.mp4,3.194444444
train/0679.mp4,2.666666667
train/0680.mp4,3.694444444
train/0681.mp4,3.777777778
train/0682.mp4,3.888888889
train/0683.mp4,3.694444444
train/0684.mp4,3.611111111
train/0685.mp4,3.361111111
train/0686.mp4,2.833333333
train/0687.mp4,2.611111111
train/0688.mp4,2.694444444
train/0689.mp4,2.833333333
train/0690.mp4,2.611111111
train/0691.mp4,2.444444444
train/0692.mp4,2.361111111
train/0693.mp4,2.138888889
train/0694.mp4,3.444444444
train/0695.mp4,3.361111111
train/0696.mp4,3.444444444
train/0697.mp4,3.138888889
train/0698.mp4,2.944444444
train/0699.mp4,2.833333333
train/0700.mp4,1.972222222
train/0701.mp4,3.444444444
train/0702.mp4,3.444444444
train/0703.mp4,3.277777778
train/0704.mp4,3.277777778
train/0705.mp4,3.194444444
train/0706.mp4,2.972222222
train/0707.mp4,2.472222222
train/0708.mp4,4.0
train/0709.mp4,3.694444444
train/0710.mp4,3.694444444
train/0711.mp4,3.666666667
train/0712.mp4,3.388888889
train/0713.mp4,3.222222222
train/0714.mp4,2.916666667
train/0715.mp4,2.666666667
train/0716.mp4,2.722222222
train/0717.mp4,2.888888889
train/0718.mp4,2.75
train/0719.mp4,2.555555556
train/0720.mp4,2.25
train/0721.mp4,2.027777778
train/0722.mp4,4.305555556
train/0723.mp4,4.194444444
train/0724.mp4,3.944444444
train/0725.mp4,3.944444444
train/0726.mp4,3.75
train/0727.mp4,3.277777778
train/0728.mp4,2.916666667
train/0729.mp4,4.0
train/0730.mp4,3.833333333
train/0731.mp4,3.75
train/0732.mp4,3.583333333
train/0733.mp4,3.444444444
train/0734.mp4,3.222222222
train/0735.mp4,2.555555556
train/0736.mp4,3.777777778
train/0737.mp4,3.805555556
train/0738.mp4,3.75
train/0739.mp4,3.5
train/0740.mp4,3.388888889
train/0741.mp4,3.027777778
train/0742.mp4,2.388888889
train/0743.mp4,2.944444444
train/0744.mp4,3.194444444
train/0745.mp4,3.111111111
train/0746.mp4,3.083333333
train/0747.mp4,2.861111111
train/0748.mp4,2.777777778
train/0749.mp4,2.166666667
train/0750.mp4,3.25
train/0751.mp4,3.555555556
train/0752.mp4,3.361111111
train/0753.mp4,3.361111111
train/0754.mp4,3.0
train/0755.mp4,2.694444444
train/0756.mp4,2.277777778
train/0757.mp4,2.75
train/0758.mp4,2.805555556
train/0759.mp4,2.888888889
train/0760.mp4,2.861111111
train/0761.mp4,2.555555556
train/0762.mp4,2.472222222
train/0763.mp4,2.111111111
train/0764.mp4,3.333333333
train/0765.mp4,3.555555556
train/0766.mp4,3.416666667
train/0767.mp4,3.277777778
train/0768.mp4,3.305555556
train/0769.mp4,2.888888889
train/0770.mp4,2.166666667
train/0771.mp4,3.833333333
train/0772.mp4,3.5
train/0773.mp4,3.444444444
train/0774.mp4,3.472222222
train/0775.mp4,2.972222222
train/0776.mp4,2.916666667
train/0777.mp4,2.666666667
train/0778.mp4,3.805555556
train/0779.mp4,3.833333333
train/0780.mp4,3.75
train/0781.mp4,3.722222222
train/0782.mp4,3.638888889
train/0783.mp4,3.25
train/0784.mp4,2.666666667
train/0785.mp4,2.888888889
train/0786.mp4,2.833333333
train/0787.mp4,2.805555556
train/0788.mp4,2.722222222
train/0789.mp4,2.611111111
train/0790.mp4,2.416666667
train/0791.mp4,2.027777778
train/0792.mp4,3.611111111
train/0793.mp4,3.361111111
train/0794.mp4,3.388888889
train/0795.mp4,3.305555556
train/0796.mp4,3.277777778
train/0797.mp4,3.444444444
train/0798.mp4,3.222222222
train/0799.mp4,3.944444444
train/0800.mp4,3.944444444
train/0801.mp4,3.916666667
train/0802.mp4,3.805555556
train/0803.mp4,3.944444444
train/0804.mp4,3.277777778
train/0805.mp4,2.805555556
train/0806.mp4,3.555555556
train/0807.mp4,3.527777778
train/0808.mp4,3.666666667
train/0809.mp4,3.333333333
train/0810.mp4,3.083333333
train/0811.mp4,3.0
train/0812.mp4,2.361111111
train/0813.mp4,3.083333333
train/0814.mp4,3.722222222
train/0815.mp4,3.722222222
train/0816.mp4,3.611111111
train/0817.mp4,3.416666667
train/0818.mp4,3.388888889
train/0819.mp4,3.222222222
train/0820.mp4,3.388888889
train/0821.mp4,3.472222222
train/0822.mp4,3.555555556
train/0823.mp4,3.611111111
train/0824.mp4,3.388888889
train/0825.mp4,3.027777778
train/0826.mp4,2.472222222
train/0827.mp4,3.638888889
train/0828.mp4,3.555555556
train/0829.mp4,3.388888889
train/0830.mp4,3.416666667
train/0831.mp4,3.361111111
train/0832.mp4,2.916666667
train/0833.mp4,2.527777778
train/0834.mp4,4.0
train/0835.mp4,3.888888889
train/0836.mp4,3.888888889
train/0837.mp4,3.805555556
train/0838.mp4,3.555555556
train/0839.mp4,3.5
train/0840.mp4,2.75
train/0841.mp4,4.138888889
train/0842.mp4,3.972222222
train/0843.mp4,3.916666667
train/0844.mp4,3.722222222
train/0845.mp4,3.805555556
train/0846.mp4,3.5
train/0847.mp4,3.027777778
train/0848.mp4,3.611111111
train/0849.mp4,4.0
train/0850.mp4,4.111111111
train/0851.mp4,4.083333333
train/0852.mp4,3.694444444
train/0853.mp4,3.638888889
train/0854.mp4,3.138888889
train/0855.mp4,2.972222222
train/0856.mp4,3.055555556
train/0857.mp4,2.944444444
train/0858.mp4,3.111111111
train/0859.mp4,3.0
train/0860.mp4,2.888888889
train/0861.mp4,2.388888889
train/0862.mp4,2.777777778
train/0863.mp4,2.416666667
train/0864.mp4,2.333333333
train/0865.mp4,2.166666667
train/0866.mp4,2.388888889
train/0867.mp4,2.111111111
train/0868.mp4,2.055555556
train/0869.mp4,3.555555556
train/0870.mp4,3.416666667
train/0871.mp4,3.555555556
train/0872.mp4,3.388888889
train/0873.mp4,2.638888889
train/0874.mp4,2.583333333
train/0875.mp4,2.027777778
train/0876.mp4,3.416666667
train/0877.mp4,3.611111111
train/0878.mp4,3.527777778
train/0879.mp4,3.444444444
train/0880.mp4,3.472222222
train/0881.mp4,3.305555556
train/0882.mp4,2.527777778
train/0883.mp4,3.972222222
train/0884.mp4,3.833333333
train/0885.mp4,3.916666667
train/0886.mp4,3.916666667
train/0887.mp4,3.694444444
train/0888.mp4,3.5
train/0889.mp4,3.583333333
train/0890.mp4,3.194444444
train/0891.mp4,3.166666667
train/0892.mp4,3.138888889
train/0893.mp4,2.972222222
train/0894.mp4,2.833333333
train/0895.mp4,2.666666667
train/0896.mp4,2.361111111
train/0897.mp4,3.472222222
train/0898.mp4,3.333333333
train/0899.mp4,3.194444444
train/0900.mp4,3.277777778
train/0901.mp4,3.111111111
train/0902.mp4,2.555555556
train/0903.mp4,2.333333333
train/0904.mp4,3.861111111
train/0905.mp4,3.583333333
train/0906.mp4,3.416666667
train/0907.mp4,3.5
train/0908.mp4,3.166666667
train/0909.mp4,2.611111111
train/0910.mp4,2.277777778
train/0911.mp4,3.277777778
train/0912.mp4,3.833333333
train/0913.mp4,3.75
train/0914.mp4,3.583333333
train/0915.mp4,3.416666667
train/0916.mp4,3.027777778
train/0917.mp4,2.5
train/0918.mp4,3.027777778
train/0919.mp4,3.222222222
train/0920.mp4,3.222222222
train/0921.mp4,3.0
train/0922.mp4,3.0
train/0923.mp4,2.888888889
train/0924.mp4,2.277777778
train/0925.mp4,3.222222222
train/0926.mp4,3.416666667
train/0927.mp4,3.222222222
train/0928.mp4,3.361111111
train/0929.mp4,2.888888889
train/0930.mp4,2.861111111
train/0931.mp4,2.333333333
train/0932.mp4,2.777777778
train/0933.mp4,2.944444444
train/0934.mp4,3.027777778
train/0935.mp4,2.972222222
train/0936.mp4,2.777777778
train/0937.mp4,2.527777778
train/0938.mp4,2.416666667
train/0939.mp4,3.555555556
train/0940.mp4,3.583333333
train/0941.mp4,3.611111111
train/0942.mp4,3.5
train/0943.mp4,3.5
train/0944.mp4,3.333333333
train/0945.mp4,3.222222222
train/0946.mp4,3.916666667
train/0947.mp4,3.916666667
train/0948.mp4,3.777777778
train/0949.mp4,3.805555556
train/0950.mp4,3.472222222
train/0951.mp4,2.944444444
train/0952.mp4,2.638888889
train/0953.mp4,2.333333333
train/0954.mp4,2.583333333
train/0955.mp4,2.638888889
train/0956.mp4,2.583333333
train/0957.mp4,2.527777778
train/0958.mp4,2.305555556
train/0959.mp4,2.277777778
train/0960.mp4,3.694444444
train/0961.mp4,3.555555556
train/0962.mp4,3.388888889
train/0963.mp4,3.361111111
train/0964.mp4,3.166666667
train/0965.mp4,3.027777778
train/0966.mp4,2.666666667
train/0967.mp4,3.555555556
train/0968.mp4,3.527777778
train/0969.mp4,3.5
train/0970.mp4,3.333333333
train/0971.mp4,3.027777778
train/0972.mp4,2.527777778
train/0973.mp4,2.055555556
train/0974.mp4,2.638888889
train/0975.mp4,2.722222222
train/0976.mp4,2.555555556
train/0977.mp4,2.444444444
train/0978.mp4,2.25
train/0979.mp4,2.055555556
train/0980.mp4,1.805555556
train/0981.mp4,3.416666667
train/0982.mp4,3.694444444
train/0983.mp4,3.722222222
train/0984.mp4,3.666666667
train/0985.mp4,3.611111111
train/0986.mp4,3.027777778
train/0987.mp4,2.944444444
train/0988.mp4,4.027777778
train/0989.mp4,4.25
train/0990.mp4,3.972222222
train/0991.mp4,3.722222222
train/0992.mp4,3.416666667
train/0993.mp4,2.611111111
train/0994.mp4,2.416666667
train/0995.mp4,2.555555556
train/0996.mp4,2.527777778
train/0997.mp4,2.666666667
train/0998.mp4,2.388888889
train/0999.mp4,2.444444444
train/1000.mp4,2.5
train/1001.mp4,2.638888889
train/1002.mp4,3.888888889
train/1003.mp4,3.666666667
train/1004.mp4,3.583333333
train/1005.mp4,3.694444444
train/1006.mp4,3.388888889
train/1007.mp4,3.027777778
train/1008.mp4,2.472222222
train/1009.mp4,2.833333333
train/1010.mp4,2.833333333
train/1011.mp4,2.944444444
train/1012.mp4,2.833333333
train/1013.mp4,2.777777778
train/1014.mp4,2.611111111
train/1015.mp4,2.5
train/1016.mp4,3.583333333
train/1017.mp4,3.666666667
train/1018.mp4,3.694444444
train/1019.mp4,3.694444444
train/1020.mp4,3.361111111
train/1021.mp4,3.25
train/1022.mp4,2.888888889
train/1023.mp4,2.888888889
train/1024.mp4,3.083333333
train/1025.mp4,3.166666667
train/1026.mp4,3.083333333
train/1027.mp4,2.861111111
train/1028.mp4,2.388888889
train/1029.mp4,2.361111111
train/1030.mp4,3.666666667
train/1031.mp4,3.777777778
train/1032.mp4,3.888888889
train/1033.mp4,3.555555556
train/1034.mp4,3.583333333
train/1035.mp4,3.111111111
train/1036.mp4,2.611111111
train/1037.mp4,3.305555556
train/1038.mp4,3.333333333
train/1039.mp4,3.305555556
train/1040.mp4,3.277777778
train/1041.mp4,3.25
train/1042.mp4,2.666666667
train/1043.mp4,2.75
train/1044.mp4,2.75
train/1045.mp4,3.138888889
train/1046.mp4,2.972222222
train/1047.mp4,2.75
train/1048.mp4,2.666666667
train/1049.mp4,2.194444444
train/1050.mp4,1.861111111
train/1051.mp4,2.916666667
train/1052.mp4,3.111111111
train/1053.mp4,3.055555556
train/1054.mp4,2.944444444
train/1055.mp4,3.027777778
train/1056.mp4,2.527777778
train/1057.mp4,2.444444444
train/1058.mp4,4.166666667
train/1059.mp4,3.805555556
train/1060.mp4,3.694444444
train/1061.mp4,3.5
train/1062.mp4,3.083333333
train/1063.mp4,2.555555556
train/1064.mp4,2.333333333
train/1065.mp4,2.888888889
train/1066.mp4,2.75
train/1067.mp4,2.75
train/1068.mp4,2.527777778
train/1069.mp4,2.583333333
train/1070.mp4,2.222222222
train/1071.mp4,1.777777778
train/1072.mp4,3.944444444
train/1073.mp4,3.638888889
train/1074.mp4,3.5
train/1075.mp4,3.666666667
train/1076.mp4,3.388888889
train/1077.mp4,3.083333333
train/1078.mp4,2.694444444
train/1079.mp4,3.916666667
train/1080.mp4,4.0
train/1081.mp4,4.027777778
train/1082.mp4,3.861111111
train/1083.mp4,3.916666667
train/1084.mp4,3.388888889
train/1085.mp4,2.861111111
train/1086.mp4,4.111111111
train/1087.mp4,4.111111111
train/1088.mp4,4.055555556
train/1089.mp4,3.861111111
train/1090.mp4,3.166666667
train/1091.mp4,3.027777778
train/1092.mp4,2.638888889
train/1093.mp4,3.972222222
train/1094.mp4,3.944444444
train/1095.mp4,3.944444444
train/1096.mp4,3.833333333
train/1097.mp4,3.666666667
train/1098.mp4,3.138888889
train/1099.mp4,2.694444444
train/1100.mp4,3.222222222
train/1101.mp4,2.972222222
train/1102.mp4,2.944444444
train/1103.mp4,3.083333333
train/1104.mp4,2.944444444
train/1105.mp4,2.666666667
train/1106.mp4,2.25
train/1107.mp4,2.944444444
train/1108.mp4,3.305555556
train/1109.mp4,3.277777778
train/1110.mp4,3.333333333
train/1111.mp4,3.166666667
train/1112.mp4,2.611111111
train/1113.mp4,2.277777778
train/1114.mp4,2.694444444
train/1115.mp4,2.888888889
train/1116.mp4,2.916666667
train/1117.mp4,2.638888889
train/1118.mp4,2.5
train/1119.mp4,2.333333333
train/1120.mp4,1.388888889
train/1121.mp4,3.555555556
train/1122.mp4,3.416666667
train/1123.mp4,3.444444444
train/1124.mp4,3.361111111
train/1125.mp4,3.138888889
train/1126.mp4,3.0
train/1127.mp4,2.666666667
train/1128.mp4,3.444444444
train/1129.mp4,3.555555556
train/1130.mp4,3.388888889
train/1131.mp4,3.472222222
train/1132.mp4,2.916666667
train/1133.mp4,2.722222222
train/1134.mp4,2.583333333
train/1135.mp4,3.611111111
train/1136.mp4,3.722222222
train/1137.mp4,3.527777778
train/1138.mp4,3.388888889
train/1139.mp4,3.527777778
train/1140.mp4,3.055555556
train/1141.mp4,2.055555556
train/1142.mp4,3.638888889
train/1143.mp4,3.722222222
train/1144.mp4,3.472222222
train/1145.mp4,3.444444444
train/1146.mp4,3.388888889
train/1147.mp4,3.055555556
train/1148.mp4,2.444444444
train/1149.mp4,3.611111111
train/1150.mp4,3.638888889
train/1151.mp4,3.722222222
train/1152.mp4,3.444444444
train/1153.mp4,3.111111111
train/1154.mp4,3.333333333
train/1155.mp4,2.444444444
train/1156.mp4,2.5
train/1157.mp4,2.722222222
train/1158.mp4,2.722222222
train/1159.mp4,2.722222222
train/1160.mp4,2.638888889
train/1161.mp4,2.416666667
train/1162.mp4,2.027777778
train/1163.mp4,3.055555556
train/1164.mp4,3.277777778
train/1165.mp4,3.25
train/1166.mp4,3.027777778
train/1167.mp4,3.083333333
train/1168.mp4,2.75
train/1169.mp4,1.916666667
train/1170.mp4,3.527777778
train/1171.mp4,3.75
train/1172.mp4,3.638888889
train/1173.mp4,3.472222222
train/1174.mp4,3.222222222
train/1175.mp4,3.0
train/1176.mp4,2.694444444
train/1177.mp4,4.083333333
train/1178.mp4,3.833333333
train/1179.mp4,3.722222222
train/1180.mp4,3.472222222
train/1181.mp4,2.972222222
train/1182.mp4,2.916666667
train/1183.mp4,2.138888889
train/1184.mp4,4.138888889
train/1185.mp4,3.861111111
train/1186.mp4,3.833333333
train/1187.mp4,3.694444444
train/1188.mp4,3.5
train/1189.mp4,3.111111111
train/1190.mp4,2.472222222
train/1191.mp4,3.777777778
train/1192.mp4,3.888888889
train/1193.mp4,3.888888889
train/1194.mp4,3.75
train/1195.mp4,3.722222222
train/1196.mp4,3.527777778
train/1197.mp4,3.027777778
train/1198.mp4,3.5
train/1199.mp4,3.583333333
train/1200.mp4,3.361111111
train/1201.mp4,3.111111111
train/1202.mp4,3.166666667
train/1203.mp4,3.111111111
train/1204.mp4,2.444444444
train/1205.mp4,2.833333333
train/1206.mp4,2.75
train/1207.mp4,2.722222222
train/1208.mp4,2.888888889
train/1209.mp4,2.472222222
train/1210.mp4,2.333333333
train/1211.mp4,2.138888889
train/1212.mp4,2.416666667
train/1213.mp4,2.722222222
train/1214.mp4,2.666666667
train/1215.mp4,2.555555556
train/1216.mp4,2.416666667
train/1217.mp4,2.138888889
train/1218.mp4,2.055555556
train/1219.mp4,3.75
train/1220.mp4,3.833333333
train/1221.mp4,3.777777778
train/1222.mp4,3.75
train/1223.mp4,3.777777778
train/1224.mp4,3.638888889
train/1225.mp4,3.277777778
train/1226.mp4,3.194444444
train/1227.mp4,3.333333333
train/1228.mp4,3.472222222
train/1229.mp4,3.138888889
train/1230.mp4,3.111111111
train/1231.mp4,3.111111111
train/1232.mp4,2.583333333
train/1233.mp4,3.472222222
train/1234.mp4,3.638888889
train/1235.mp4,3.5
train/1236.mp4,3.416666667
train/1237.mp4,3.138888889
train/1238.mp4,2.972222222
train/1239.mp4,2.333333333
train/1240.mp4,3.416666667
train/1241.mp4,3.333333333
train/1242.mp4,3.25
train/1243.mp4,3.222222222
train/1244.mp4,3.027777778
train/1245.mp4,2.694444444
train/1246.mp4,2.083333333
train/1247.mp4,2.861111111
train/1248.mp4,3.027777778
train/1249.mp4,2.972222222
train/1250.mp4,3.0
train/1251.mp4,2.75
train/1252.mp4,2.888888889
train/1253.mp4,2.555555556
train/1254.mp4,4.055555556
train/1255.mp4,3.833333333
train/1256.mp4,4.111111111
train/1257.mp4,3.916666667
train/1258.mp4,3.944444444
train/1259.mp4,3.833333333
train/1260.mp4,3.75
train/1261.mp4,3.388888889
train/1262.mp4,3.388888889
train/1263.mp4,3.277777778
train/1264.mp4,3.361111111
train/1265.mp4,3.333333333
train/1266.mp4,3.138888889
train/1267.mp4,2.888888889
train/1268.mp4,3.888888889
train/1269.mp4,3.805555556
train/1270.mp4,3.638888889
train/1271.mp4,3.916666667
train/1272.mp4,3.722222222
train/1273.mp4,3.472222222
train/1274.mp4,3.055555556
train/1275.mp4,4.0
train/1276.mp4,3.888888889
train/1277.mp4,3.777777778
train/1278.mp4,3.833333333
train/1279.mp4,3.638888889
train/1280.mp4,3.416666667
train/1281.mp4,3.416666667
train/1282.mp4,4.333333333
train/1283.mp4,4.194444444
train/1284.mp4,4.027777778
train/1285.mp4,4.083333333
train/1286.mp4,3.833333333
train/1287.mp4,3.5
train/1288.mp4,3.138888889
train/1289.mp4,3.888888889
train/1290.mp4,4.222222222
train/1291.mp4,4.111111111
train/1292.mp4,3.944444444
train/1293.mp4,4.111111111
train/1294.mp4,4.166666667
train/1295.mp4,4.027777778
train/1296.mp4,3.944444444
train/1297.mp4,3.722222222
train/1298.mp4,3.583333333
train/1299.mp4,3.722222222
train/1300.mp4,3.583333333
train/1301.mp4,3.388888889
train/1302.mp4,2.916666667
train/1303.mp4,3.555555556
train/1304.mp4,3.722222222
train/1305.mp4,3.666666667
train/1306.mp4,3.666666667
train/1307.mp4,3.361111111
train/1308.mp4,3.277777778
train/1309.mp4,3.0
train/1310.mp4,4.166666667
train/1311.mp4,3.972222222
train/1312.mp4,3.861111111
train/1313.mp4,3.888888889
train/1314.mp4,3.888888889
train/1315.mp4,3.638888889
train/1316.mp4,3.305555556
train/1317.mp4,4.222222222
train/1318.mp4,3.916666667
train/1319.mp4,3.944444444
train/1320.mp4,3.555555556
train/1321.mp4,3.972222222
train/1322.mp4,3.75
train/1323.mp4,3.472222222
train/1324.mp4,3.944444444
train/1325.mp4,3.833333333
train/1326.mp4,3.888888889
train/1327.mp4,3.555555556
train/1328.mp4,3.388888889
train/1329.mp4,3.388888889
train/1330.mp4,2.972222222
train/1331.mp4,3.0
train/1332.mp4,3.0
train/1333.mp4,2.972222222
train/1334.mp4,3.083333333
train/1335.mp4,2.916666667
train/1336.mp4,2.805555556
train/1337.mp4,2.555555556
train/1338.mp4,4.111111111
train/1339.mp4,3.833333333
train/1340.mp4,3.555555556
train/1341.mp4,3.555555556
train/1342.mp4,3.055555556
train/1343.mp4,2.888888889
train/1344.mp4,2.444444444
train/1345.mp4,3.138888889
train/1346.mp4,3.277777778
train/1347.mp4,3.416666667
train/1348.mp4,3.388888889
train/1349.mp4,2.916666667
train/1350.mp4,2.805555556
train/1351.mp4,2.611111111
train/1352.mp4,3.944444444
train/1353.mp4,3.555555556
train/1354.mp4,3.638888889
train/1355.mp4,3.5
train/1356.mp4,3.416666667
train/1357.mp4,3.638888889
train/1358.mp4,3.0
train/1359.mp4,3.277777778
train/1360.mp4,3.166666667
train/1361.mp4,3.194444444
train/1362.mp4,3.361111111
train/1363.mp4,3.222222222
train/1364.mp4,3.083333333
train/1365.mp4,2.75
train/1366.mp4,3.388888889
train/1367.mp4,3.416666667
train/1368.mp4,3.416666667
train/1369.mp4,3.472222222
train/1370.mp4,3.25
train/1371.mp4,2.888888889
train/1372.mp4,2.527777778
train/1373.mp4,3.25
train/1374.mp4,3.305555556
train/1375.mp4,3.222222222
train/1376.mp4,3.25
train/1377.mp4,3.111111111
train/1378.mp4,3.0
train/1379.mp4,2.888888889
train/1380.mp4,4.222222222
train/1381.mp4,4.083333333
train/1382.mp4,3.916666667
train/1383.mp4,3.888888889
train/1384.mp4,3.888888889
train/1385.mp4,3.194444444
train/1386.mp4,2.722222222
train/1387.mp4,3.722222222
train/1388.mp4,3.75
train/1389.mp4,3.833333333
train/1390.mp4,3.555555556
train/1391.mp4,3.583333333
train/1392.mp4,3.416666667
train/1393.mp4,3.25
train/1394.mp4,4.25
train/1395.mp4,4.111111111
train/1396.mp4,3.972222222
train/1397.mp4,3.972222222
train/1398.mp4,3.833333333
train/1399.mp4,3.694444444
train/1400.mp4,2.805555556
train/1401.mp4,2.5
train/1402.mp4,2.611111111
train/1403.mp4,2.416666667
train/1404.mp4,2.416666667
train/1405.mp4,2.361111111
train/1406.mp4,2.305555556
train/1407.mp4,2.333333333
train/1408.mp4,3.916666667
train/1409.mp4,3.861111111
train/1410.mp4,3.777777778
train/1411.mp4,3.583333333
train/1412.mp4,3.388888889
train/1413.mp4,3.166666667
train/1414.mp4,2.527777778
train/1415.mp4,3.805555556
train/1416.mp4,3.722222222
train/1417.mp4,3.694444444
train/1418.mp4,3.305555556
train/1419.mp4,3.055555556
train/1420.mp4,2.666666667
train/1421.mp4,2.277777778
train/1422.mp4,3.916666667
train/1423.mp4,3.5
train/1424.mp4,3.472222222
train/1425.mp4,3.416666667
train/1426.mp4,3.527777778
train/1427.mp4,3.138888889
train/1428.mp4,3.083333333
train/1429.mp4,4.0
train/1430.mp4,3.805555556
train/1431.mp4,4.027777778
train/1432.mp4,3.472222222
train/1433.mp4,3.25
train/1434.mp4,3.055555556
train/1435.mp4,2.611111111
train/1436.mp4,3.222222222
train/1437.mp4,3.25
train/1438.mp4,3.305555556
train/1439.mp4,3.138888889
train/1440.mp4,2.916666667
train/1441.mp4,2.972222222
train/1442.mp4,2.611111111
train/1443.mp4,4.083333333
train/1444.mp4,4.111111111
train/1445.mp4,3.916666667
train/1446.mp4,3.777777778
train/1447.mp4,3.75
train/1448.mp4,3.583333333
train/1449.mp4,3.305555556
train/1450.mp4,3.222222222
train/1451.mp4,3.5
train/1452.mp4,3.472222222
train/1453.mp4,3.416666667
train/1454.mp4,3.027777778
train/1455.mp4,2.916666667
train/1456.mp4,2.361111111
train/1457.mp4,3.361111111
train/1458.mp4,3.5
train/1459.mp4,3.444444444
train/1460.mp4,3.5
train/1461.mp4,3.222222222
train/1462.mp4,3.166666667
train/1463.mp4,2.638888889
train/1464.mp4,2.611111111
train/1465.mp4,3.333333333
train/1466.mp4,3.111111111
train/1467.mp4,3.083333333
train/1468.mp4,2.916666667
train/1469.mp4,2.722222222
train/1470.mp4,2.361111111
train/1471.mp4,3.666666667
train/1472.mp4,3.861111111
train/1473.mp4,3.638888889
train/1474.mp4,3.611111111
train/1475.mp4,3.5
train/1476.mp4,3.222222222
train/1477.mp4,2.666666667
train/1478.mp4,2.722222222
train/1479.mp4,2.416666667
train/1480.mp4,2.722222222
train/1481.mp4,2.666666667
train/1482.mp4,2.638888889
train/1483.mp4,2.333333333
train/1484.mp4,2.333333333
train/1485.mp4,3.694444444
train/1486.mp4,3.527777778
train/1487.mp4,3.527777778
train/1488.mp4,3.333333333
train/1489.mp4,3.472222222
train/1490.mp4,2.833333333
train/1491.mp4,2.222222222
train/1492.mp4,4.166666667
train/1493.mp4,4.194444444
train/1494.mp4,4.083333333
train/1495.mp4,3.944444444
train/1496.mp4,3.916666667
train/1497.mp4,3.638888889
train/1498.mp4,3.111111111
train/1499.mp4,3.861111111
train/1500.mp4,3.583333333
train/1501.mp4,3.5
train/1502.mp4,3.555555556
train/1503.mp4,3.361111111
train/1504.mp4,3.0
train/1505.mp4,2.527777778
train/1506.mp4,3.583333333
train/1507.mp4,3.388888889
train/1508.mp4,3.416666667
train/1509.mp4,3.416666667
train/1510.mp4,3.166666667
train/1511.mp4,2.888888889
train/1512.mp4,2.638888889
train/1513.mp4,3.666666667
train/1514.mp4,3.666666667
train/1515.mp4,3.583333333
train/1516.mp4,3.416666667
train/1517.mp4,3.277777778
train/1518.mp4,2.75
train/1519.mp4,2.472222222
train/1520.mp4,3.805555556
train/1521.mp4,4.027777778
train/1522.mp4,4.138888889
train/1523.mp4,3.972222222
train/1524.mp4,3.75
train/1525.mp4,3.666666667
train/1526.mp4,3.055555556
train/1527.mp4,2.666666667
train/1528.mp4,3.027777778
train/1529.mp4,2.861111111
train/1530.mp4,2.722222222
train/1531.mp4,2.805555556
train/1532.mp4,2.555555556
train/1533.mp4,2.361111111
train/1534.mp4,3.138888889
train/1535.mp4,3.333333333
train/1536.mp4,3.277777778
train/1537.mp4,3.083333333
train/1538.mp4,3.277777778
train/1539.mp4,2.861111111
train/1540.mp4,2.611111111
train/1541.mp4,2.0
train/1542.mp4,2.083333333
train/1543.mp4,2.111111111
train/1544.mp4,2.138888889
train/1545.mp4,2.0
train/1546.mp4,1.833333333
train/1547.mp4,1.722222222
train/1548.mp4,3.722222222
train/1549.mp4,3.861111111
train/1550.mp4,4.0
train/1551.mp4,3.916666667
train/1552.mp4,3.777777778
train/1553.mp4,3.361111111
train/1554.mp4,3.444444444
train/1555.mp4,3.888888889
train/1556.mp4,3.694444444
train/1557.mp4,3.888888889
train/1558.mp4,3.611111111
train/1559.mp4,3.638888889
train/1560.mp4,3.527777778
train/1561.mp4,2.611111111
train/1562.mp4,3.444444444
train/1563.mp4,3.305555556
train/1564.mp4,3.305555556
train/1565.mp4,3.222222222
train/1566.mp4,3.138888889
train/1567.mp4,2.944444444
train/1568.mp4,2.75
train/1569.mp4,3.555555556
train/1570.mp4,3.5
train/1571.mp4,3.166666667
train/1572.mp4,3.222222222
train/1573.mp4,3.138888889
train/1574.mp4,2.777777778
train/1575.mp4,2.25
train/1576.mp4,4.277777778
train/1577.mp4,4.194444444
train/1578.mp4,4.361111111
train/1579.mp4,4.055555556
train/1580.mp4,3.916666667
train/1581.mp4,3.5
train/1582.mp4,2.833333333
train/1583.mp4,2.75
train/1584.mp4,3.027777778
train/1585.mp4,2.972222222
train/1586.mp4,2.916666667
train/1587.mp4,2.666666667
train/1588.mp4,2.444444444
train/1589.mp4,2.111111111
train/1590.mp4,3.5
train/1591.mp4,3.444444444
train/1592.mp4,3.527777778
train/1593.mp4,3.444444444
train/1594.mp4,3.361111111
train/1595.mp4,3.222222222
train/1596.mp4,2.777777778
train/1597.mp4,4.083333333
train/1598.mp4,3.833333333
train/1599.mp4,3.75
train/1600.mp4,3.722222222
train/1601.mp4,3.75
train/1602.mp4,3.083333333
train/1603.mp4,2.472222222
train/1604.mp4,3.25
train/1605.mp4,3.277777778
train/1606.mp4,3.138888889
train/1607.mp4,3.277777778
train/1608.mp4,3.083333333
train/1609.mp4,2.861111111
train/1610.mp4,2.722222222
train/1611.mp4,3.194444444
train/1612.mp4,3.166666667
train/1613.mp4,3.305555556
train/1614.mp4,3.027777778
train/1615.mp4,2.861111111
train/1616.mp4,2.694444444
train/1617.mp4,2.333333333
train/1618.mp4,3.5
train/1619.mp4,3.333333333
train/1620.mp4,3.444444444
train/1621.mp4,3.361111111
train/1622.mp4,3.25
train/1623.mp4,2.916666667
train/1624.mp4,2.527777778
train/1625.mp4,2.472222222
train/1626.mp4,2.611111111
train/1627.mp4,2.277777778
train/1628.mp4,2.361111111
train/1629.mp4,2.361111111
train/1630.mp4,2.277777778
train/1631.mp4,2.0
train/1632.mp4,3.333333333
train/1633.mp4,3.583333333
train/1634.mp4,3.472222222
train/1635.mp4,3.388888889
train/1636.mp4,3.277777778
train/1637.mp4,3.138888889
train/1638.mp4,2.5
train/1639.mp4,3.944444444
train/1640.mp4,4.055555556
train/1641.mp4,4.138888889
train/1642.mp4,4.083333333
train/1643.mp4,3.722222222
train/1644.mp4,3.277777778
train/1645.mp4,3.027777778
train/1646.mp4,3.944444444
train/1647.mp4,3.833333333
train/1648.mp4,3.861111111
train/1649.mp4,3.638888889
train/1650.mp4,3.472222222
train/1651.mp4,2.861111111
train/1652.mp4,2.611111111
train/1653.mp4,4.305555556
train/1654.mp4,4.416666667
train/1655.mp4,4.222222222
train/1656.mp4,4.194444444
train/1657.mp4,3.777777778
train/1658.mp4,3.361111111
train/1659.mp4,2.916666667
train/1660.mp4,3.111111111
train/1661.mp4,3.166666667
train/1662.mp4,3.055555556
train/1663.mp4,3.0
train/1664.mp4,3.083333333
train/1665.mp4,2.611111111
train/1666.mp4,2.5
train/1667.mp4,4.277777778
train/1668.mp4,4.166666667
train/1669.mp4,4.111111111
train/1670.mp4,3.944444444
train/1671.mp4,4.0
train/1672.mp4,3.75
train/1673.mp4,3.083333333
train/1674.mp4,2.916666667
train/1675.mp4,2.916666667
train/1676.mp4,2.972222222
train/1677.mp4,2.833333333
train/1678.mp4,2.833333333
train/1679.mp4,2.583333333
train/1680.mp4,2.333333333
train/1681.mp4,4.083333333
train/1682.mp4,4.055555556
train/1683.mp4,3.888888889
train/1684.mp4,3.638888889
train/1685.mp4,2.972222222
train/1686.mp4,2.305555556
train/1687.mp4,1.972222222
train/1688.mp4,2.694444444
train/1689.mp4,3.222222222
train/1690.mp4,3.277777778
train/1691.mp4,3.166666667
train/1692.mp4,3.027777778
train/1693.mp4,2.666666667
train/1694.mp4,2.416666667
train/1695.mp4,2.805555556
train/1696.mp4,2.694444444
train/1697.mp4,2.583333333
train/1698.mp4,2.583333333
train/1699.mp4,2.638888889
train/1700.mp4,2.527777778
train/1701.mp4,2.388888889
train/1702.mp4,3.055555556
train/1703.mp4,3.083333333
train/1704.mp4,2.972222222
train/1705.mp4,2.888888889
train/1706.mp4,2.75
train/1707.mp4,2.722222222
train/1708.mp4,2.583333333
train/1709.mp4,3.75
train/1710.mp4,3.583333333
train/1711.mp4,3.472222222
train/1712.mp4,3.555555556
train/1713.mp4,3.305555556
train/1714.mp4,2.972222222
train/1715.mp4,2.777777778
train/1716.mp4,2.472222222
train/1717.mp4,2.916666667
train/1718.mp4,2.916666667
train/1719.mp4,2.583333333
train/1720.mp4,2.472222222
train/1721.mp4,2.333333333
train/1722.mp4,1.777777778
train/1723.mp4,3.472222222
train/1724.mp4,3.527777778
train/1725.mp4,3.361111111
train/1726.mp4,3.277777778
train/1727.mp4,3.5
train/1728.mp4,3.333333333
train/1729.mp4,2.861111111
train/1730.mp4,3.555555556
train/1731.mp4,3.861111111
train/1732.mp4,4.0
train/1733.mp4,3.555555556
train/1734.mp4,3.527777778
train/1735.mp4,3.222222222
train/1736.mp4,2.638888889
train/1737.mp4,2.388888889
train/1738.mp4,2.361111111
train/1739.mp4,2.472222222
train/1740.mp4,2.416666667
train/1741.mp4,2.333333333
train/1742.mp4,2.166666667
train/1743.mp4,1.972222222
train/1744.mp4,3.638888889
train/1745.mp4,3.75
train/1746.mp4,3.638888889
train/1747.mp4,3.694444444
train/1748.mp4,3.611111111
train/1749.mp4,3.194444444
train/1750.mp4,3.027777778
train/1751.mp4,2.5
train/1752.mp4,2.833333333
train/1753.mp4,2.722222222
train/1754.mp4,2.583333333
train/1755.mp4,2.555555556
train/1756.mp4,2.444444444
train/1757.mp4,2.333333333
train/1758.mp4,2.388888889
train/1759.mp4,2.388888889
train/1760.mp4,2.611111111
train/1761.mp4,2.666666667
train/1762.mp4,2.694444444
train/1763.mp4,2.638888889
train/1764.mp4,2.527777778
train/1765.mp4,2.972222222
train/1766.mp4,2.861111111
train/1767.mp4,3.083333333
train/1768.mp4,2.916666667
train/1769.mp4,2.777777778
train/1770.mp4,2.583333333
train/1771.mp4,2.5
train/1772.mp4,2.833333333
train/1773.mp4,3.138888889
train/1774.mp4,2.972222222
train/1775.mp4,2.722222222
train/1776.mp4,2.916666667
train/1777.mp4,2.361111111
train/1778.mp4,1.944444444
train/1779.mp4,3.138888889
train/1780.mp4,3.222222222
train/1781.mp4,3.194444444
train/1782.mp4,3.194444444
train/1783.mp4,3.0
train/1784.mp4,2.444444444
train/1785.mp4,1.944444444
train/1786.mp4,3.666666667
train/1787.mp4,3.666666667
train/1788.mp4,3.555555556
train/1789.mp4,3.5
train/1790.mp4,3.388888889
train/1791.mp4,3.083333333
train/1792.mp4,2.583333333
train/1793.mp4,3.694444444
train/1794.mp4,3.444444444
train/1795.mp4,3.611111111
train/1796.mp4,3.444444444
train/1797.mp4,3.083333333
train/1798.mp4,2.611111111
train/1799.mp4,2.666666667
train/1800.mp4,3.583333333
train/1801.mp4,3.527777778
train/1802.mp4,3.555555556
train/1803.mp4,3.333333333
train/1804.mp4,3.0
train/1805.mp4,2.722222222
train/1806.mp4,2.25
train/1807.mp4,4.138888889
train/1808.mp4,3.972222222
train/1809.mp4,4.0
train/1810.mp4,3.944444444
train/1811.mp4,3.555555556
train/1812.mp4,3.222222222
train/1813.mp4,2.444444444
train/1814.mp4,3.166666667
train/1815.mp4,3.388888889
train/1816.mp4,3.166666667
train/1817.mp4,3.222222222
train/1818.mp4,2.972222222
train/1819.mp4,2.583333333
train/1820.mp4,2.194444444
train/1821.mp4,3.666666667
train/1822.mp4,3.916666667
train/1823.mp4,4.027777778
train/1824.mp4,3.861111111
train/1825.mp4,3.416666667
train/1826.mp4,3.388888889
train/1827.mp4,2.527777778
train/1828.mp4,3.111111111
train/1829.mp4,3.25
train/1830.mp4,2.833333333
train/1831.mp4,2.916666667
train/1832.mp4,2.972222222
train/1833.mp4,2.861111111
train/1834.mp4,2.583333333
train/1835.mp4,3.861111111
train/1836.mp4,3.638888889
train/1837.mp4,3.611111111
train/1838.mp4,3.555555556
train/1839.mp4,3.305555556
train/1840.mp4,3.0
train/1841.mp4,2.611111111
train/1842.mp4,3.75
train/1843.mp4,3.777777778
train/1844.mp4,3.805555556
train/1845.mp4,3.611111111
train/1846.mp4,3.416666667
train/1847.mp4,2.722222222
train/1848.mp4,2.611111111
train/1849.mp4,4.333333333
train/1850.mp4,4.055555556
train/1851.mp4,4.083333333
train/1852.mp4,3.527777778
train/1853.mp4,3.055555556
train/1854.mp4,2.888888889
train/1855.mp4,2.416666667
train/1856.mp4,3.888888889
train/1857.mp4,3.833333333
train/1858.mp4,3.861111111
train/1859.mp4,3.527777778
train/1860.mp4,3.388888889
train/1861.mp4,3.083333333
train/1862.mp4,2.5
train/1863.mp4,3.555555556
train/1864.mp4,3.555555556
train/1865.mp4,3.555555556
train/1866.mp4,3.277777778
train/1867.mp4,3.194444444
train/1868.mp4,2.916666667
train/1869.mp4,2.083333333
train/1870.mp4,4.277777778
train/1871.mp4,4.222222222
train/1872.mp4,4.027777778
train/1873.mp4,3.861111111
train/1874.mp4,3.805555556
train/1875.mp4,3.361111111
train/1876.mp4,2.666666667
train/1877.mp4,3.916666667
train/1878.mp4,3.75
train/1879.mp4,3.666666667
train/1880.mp4,3.194444444
train/1881.mp4,3.055555556
train/1882.mp4,2.388888889
train/1883.mp4,1.944444444
train/1884.mp4,3.833333333
train/1885.mp4,3.888888889
train/1886.mp4,3.722222222
train/1887.mp4,3.805555556
train/1888.mp4,3.305555556
train/1889.mp4,3.0
train/1890.mp4,2.694444444
train/1891.mp4,3.583333333
train/1892.mp4,3.694444444
train/1893.mp4,3.638888889
train/1894.mp4,3.472222222
train/1895.mp4,3.388888889
train/1896.mp4,3.25
train/1897.mp4,3.027777778
train/1898.mp4,3.555555556
train/1899.mp4,3.861111111
train/1900.mp4,3.944444444
train/1901.mp4,3.694444444
train/1902.mp4,3.444444444
train/1903.mp4,3.5
train/1904.mp4,2.722222222
train/1905.mp4,3.45
train/1906.mp4,3.45
train/1907.mp4,3.5
train/1908.mp4,3.3
train/1909.mp4,3.25
train/1910.mp4,3.2
train/1911.mp4,2.6
train/1912.mp4,3.444444444
train/1913.mp4,3.527777778
train/1914.mp4,3.527777778
train/1915.mp4,3.444444444
train/1916.mp4,3.361111111
train/1917.mp4,3.083333333
train/1918.mp4,2.583333333
train/1919.mp4,1.944444444
train/1920.mp4,2.055555556
train/1921.mp4,2.166666667
train/1922.mp4,2.138888889
train/1923.mp4,1.861111111
train/1924.mp4,1.75
train/1925.mp4,1.388888889
train/1926.mp4,3.222222222
train/1927.mp4,3.305555556
train/1928.mp4,3.25
train/1929.mp4,3.222222222
train/1930.mp4,3.083333333
train/1931.mp4,2.916666667
train/1932.mp4,2.611111111
train/1933.mp4,4.166666667
train/1934.mp4,3.916666667
train/1935.mp4,4.0
train/1936.mp4,3.694444444
train/1937.mp4,3.444444444
train/1938.mp4,2.805555556
train/1939.mp4,2.638888889
train/1940.mp4,3.694444444
train/1941.mp4,3.638888889
train/1942.mp4,3.472222222
train/1943.mp4,3.5
train/1944.mp4,2.944444444
train/1945.mp4,2.805555556
train/1946.mp4,2.416666667
train/1947.mp4,3.888888889
train/1948.mp4,3.611111111
train/1949.mp4,3.638888889
train/1950.mp4,3.388888889
train/1951.mp4,3.416666667
train/1952.mp4,2.916666667
train/1953.mp4,2.555555556
train/1954.mp4,2.805555556
train/1955.mp4,2.888888889
train/1956.mp4,2.833333333
train/1957.mp4,2.916666667
train/1958.mp4,2.527777778
train/1959.mp4,2.472222222
train/1960.mp4,2.111111111
train/1961.mp4,3.472222222
train/1962.mp4,3.527777778
train/1963.mp4,3.277777778
train/1964.mp4,3.361111111
train/1965.mp4,2.916666667
train/1966.mp4,2.833333333
train/1967.mp4,2.361111111
train/1968.mp4,4.027777778
train/1969.mp4,4.138888889
train/1970.mp4,3.972222222
train/1971.mp4,3.777777778
train/1972.mp4,3.777777778
train/1973.mp4,3.444444444
train/1974.mp4,2.694444444
train/1975.mp4,3.111111111
train/1976.mp4,2.888888889
train/1977.mp4,3.138888889
train/1978.mp4,2.972222222
train/1979.mp4,2.777777778
train/1980.mp4,2.416666667
train/1981.mp4,2.305555556
train/1982.mp4,2.888888889
train/1983.mp4,2.861111111
train/1984.mp4,2.583333333
train/1985.mp4,2.75
train/1986.mp4,2.388888889
train/1987.mp4,2.222222222
train/1988.mp4,2.138888889
train/1989.mp4,3.361111111
train/1990.mp4,3.472222222
train/1991.mp4,3.388888889
train/1992.mp4,3.333333333
train/1993.mp4,3.138888889
train/1994.mp4,3.055555556
train/1995.mp4,2.444444444
train/1996.mp4,2.944444444
train/1997.mp4,2.833333333
train/1998.mp4,2.888888889
train/1999.mp4,2.805555556
train/2000.mp4,2.833333333
train/2001.mp4,2.916666667
train/2002.mp4,2.555555556
train/2003.mp4,2.583333333
train/2004.mp4,2.833333333
train/2005.mp4,2.833333333
train/2006.mp4,2.611111111
train/2007.mp4,2.722222222
train/2008.mp4,2.25
train/2009.mp4,2.166666667
train/2010.mp4,3.361111111
train/2011.mp4,3.0
train/2012.mp4,3.25
train/2013.mp4,3.083333333
train/2014.mp4,3.0
train/2015.mp4,3.055555556
train/2016.mp4,2.666666667
train/2017.mp4,4.305555556
train/2018.mp4,4.361111111
train/2019.mp4,4.194444444
train/2020.mp4,4.083333333
train/2021.mp4,4.083333333
train/2022.mp4,3.555555556
train/2023.mp4,2.777777778
train/2024.mp4,4.027777778
train/2025.mp4,4.111111111
train/2026.mp4,3.916666667
train/2027.mp4,3.666666667
train/2028.mp4,3.111111111
train/2029.mp4,2.777777778
train/2030.mp4,2.416666667
train/2031.mp4,3.861111111
train/2032.mp4,3.805555556
train/2033.mp4,3.777777778
train/2034.mp4,3.666666667
train/2035.mp4,3.583333333
train/2036.mp4,3.361111111
train/2037.mp4,2.972222222
train/2038.mp4,2.416666667
train/2039.mp4,2.444444444
train/2040.mp4,2.388888889
train/2041.mp4,2.194444444
train/2042.mp4,2.166666667
train/2043.mp4,1.916666667
train/2044.mp4,1.777777778
train/2045.mp4,3.111111111
train/2046.mp4,3.138888889
train/2047.mp4,2.972222222
train/2048.mp4,3.055555556
train/2049.mp4,2.805555556
train/2050.mp4,2.833333333
train/2051.mp4,2.583333333
train/2052.mp4,4.027777778
train/2053.mp4,3.916666667
train/2054.mp4,3.722222222
train/2055.mp4,3.805555556
train/2056.mp4,3.75
train/2057.mp4,3.472222222
train/2058.mp4,2.555555556
train/2059.mp4,2.416666667
train/2060.mp4,2.777777778
train/2061.mp4,2.666666667
train/2062.mp4,2.666666667
train/2063.mp4,2.611111111
train/2064.mp4,2.388888889
train/2065.mp4,2.305555556
train/2066.mp4,2.805555556
train/2067.mp4,3.138888889
train/2068.mp4,3.083333333
train/2069.mp4,2.916666667
train/2070.mp4,2.777777778
train/2071.mp4,2.805555556
train/2072.mp4,2.555555556
train/2073.mp4,2.777777778
train/2074.mp4,2.861111111
train/2075.mp4,2.888888889
train/2076.mp4,2.722222222
train/2077.mp4,2.75
train/2078.mp4,2.305555556
train/2079.mp4,2.222222222
train/2080.mp4,2.555555556
train/2081.mp4,2.666666667
train/2082.mp4,2.638888889
train/2083.mp4,2.638888889
train/2084.mp4,2.416666667
train/2085.mp4,2.555555556
train/2086.mp4,2.111111111
train/2087.mp4,2.083333333
train/2088.mp4,2.333333333
train/2089.mp4,2.194444444
train/2090.mp4,2.472222222
train/2091.mp4,2.222222222
train/2092.mp4,2.111111111
train/2093.mp4,1.833333333
train/2094.mp4,3.833333333
train/2095.mp4,3.972222222
train/2096.mp4,4.027777778
train/2097.mp4,3.805555556
train/2098.mp4,3.805555556
train/2099.mp4,3.611111111
train/2100.mp4,3.0
train/2101.mp4,3.861111111
train/2102.mp4,3.944444444
train/2103.mp4,3.666666667
train/2104.mp4,3.583333333
train/2105.mp4,3.555555556
train/2106.mp4,3.444444444
train/2107.mp4,2.944444444
train/2108.mp4,3.388888889
train/2109.mp4,3.5
train/2110.mp4,3.333333333
train/2111.mp4,3.472222222
train/2112.mp4,3.361111111
train/2113.mp4,2.916666667
train/2114.mp4,2.472222222
train/2115.mp4,3.361111111
train/2116.mp4,3.388888889
train/2117.mp4,3.333333333
train/2118.mp4,3.333333333
train/2119.mp4,3.083333333
train/2120.mp4,2.861111111
train/2121.mp4,2.611111111
train/2122.mp4,3.444444444
train/2123.mp4,3.666666667
train/2124.mp4,3.583333333
train/2125.mp4,3.472222222
train/2126.mp4,3.361111111
train/2127.mp4,3.111111111
train/2128.mp4,3.083333333
train/2129.mp4,4.027777778
train/2130.mp4,3.888888889
train/2131.mp4,3.916666667
train/2132.mp4,4.083333333
train/2133.mp4,3.611111111
train/2134.mp4,3.416666667
train/2135.mp4,3.25
train/2136.mp4,3.416666667
train/2137.mp4,3.361111111
train/2138.mp4,3.305555556
train/2139.mp4,3.388888889
train/2140.mp4,3.222222222
train/2141.mp4,3.0
train/2142.mp4,2.638888889
train/2143.mp4,1.888888889
train/2144.mp4,1.944444444
train/2145.mp4,2.055555556
train/2146.mp4,2.027777778
train/2147.mp4,1.888888889
train/2148.mp4,1.722222222
train/2149.mp4,1.472222222
train/2150.mp4,3.555555556
train/2151.mp4,3.666666667
train/2152.mp4,3.666666667
train/2153.mp4,3.5
train/2154.mp4,3.472222222
train/2155.mp4,3.138888889
train/2156.mp4,2.75
train/2157.mp4,3.694444444
train/2158.mp4,3.694444444
train/2159.mp4,3.861111111
train/2160.mp4,3.833333333
train/2161.mp4,3.75
train/2162.mp4,3.277777778
train/2163.mp4,2.972222222
train/2164.mp4,3.777777778
train/2165.mp4,3.444444444
train/2166.mp4,3.277777778
train/2167.mp4,3.527777778
train/2168.mp4,3.388888889
train/2169.mp4,3.194444444
train/2170.mp4,2.388888889
train/2171.mp4,3.361111111
train/2172.mp4,3.194444444
train/2173.mp4,3.194444444
train/2174.mp4,3.277777778
train/2175.mp4,3.111111111
train/2176.mp4,2.833333333
train/2177.mp4,2.722222222
train/2178.mp4,3.944444444
train/2179.mp4,3.861111111
train/2180.mp4,3.722222222
train/2181.mp4,3.722222222
train/2182.mp4,3.666666667
train/2183.mp4,3.472222222
train/2184.mp4,2.666666667
train/2185.mp4,4.194444444
train/2186.mp4,3.972222222
train/2187.mp4,3.972222222
train/2188.mp4,3.972222222
train/2189.mp4,3.805555556
train/2190.mp4,3.972222222
train/2191.mp4,3.527777778
train/2192.mp4,3.638888889
train/2193.mp4,3.25
train/2194.mp4,3.472222222
train/2195.mp4,3.333333333
train/2196.mp4,3.222222222
train/2197.mp4,2.694444444
train/2198.mp4,2.583333333
train/2199.mp4,3.5
train/2200.mp4,3.555555556
train/2201.mp4,3.694444444
train/2202.mp4,3.555555556
train/2203.mp4,3.361111111
train/2204.mp4,3.194444444
train/2205.mp4,2.638888889
train/2206.mp4,2.972222222
train/2207.mp4,2.722222222
train/2208.mp4,2.805555556
train/2209.mp4,2.666666667
train/2210.mp4,2.722222222
train/2211.mp4,2.277777778
train/2212.mp4,2.083333333
train/2213.mp4,3.722222222
train/2214.mp4,3.694444444
train/2215.mp4,3.777777778
train/2216.mp4,3.666666667
train/2217.mp4,3.361111111
train/2218.mp4,2.944444444
train/2219.mp4,2.361111111
train/2220.mp4,3.972222222
train/2221.mp4,3.722222222
train/2222.mp4,3.888888889
train/2223.mp4,3.555555556
train/2224.mp4,3.472222222
train/2225.mp4,3.333333333
train/2226.mp4,2.888888889
train/2227.mp4,3.666666667
train/2228.mp4,3.555555556
train/2229.mp4,3.694444444
train/2230.mp4,3.611111111
train/2231.mp4,3.555555556
train/2232.mp4,3.333333333
train/2233.mp4,3.0
train/2234.mp4,3.333333333
train/2235.mp4,3.388888889
train/2236.mp4,3.444444444
train/2237.mp4,3.444444444
train/2238.mp4,3.194444444
train/2239.mp4,3.027777778
train/2240.mp4,2.805555556
train/2241.mp4,2.222222222
train/2242.mp4,2.333333333
train/2243.mp4,2.5
train/2244.mp4,2.222222222
train/2245.mp4,2.222222222
train/2246.mp4,2.027777778
train/2247.mp4,1.722222222
train/2248.mp4,4.166666667
train/2249.mp4,3.944444444
train/2250.mp4,3.916666667
train/2251.mp4,3.805555556
train/2252.mp4,3.555555556
train/2253.mp4,3.638888889
train/2254.mp4,3.222222222
train/2255.mp4,4.194444444
train/2256.mp4,4.194444444
train/2257.mp4,4.194444444
train/2258.mp4,3.666666667
train/2259.mp4,3.166666667
train/2260.mp4,3.222222222
train/2261.mp4,2.805555556
train/2262.mp4,4.222222222
train/2263.mp4,4.138888889
train/2264.mp4,4.111111111
train/2265.mp4,4.222222222
train/2266.mp4,3.944444444
train/2267.mp4,3.611111111
train/2268.mp4,2.916666667
train/2269.mp4,4.166666667
train/2270.mp4,4.25
train/2271.mp4,4.166666667
train/2272.mp4,4.194444444
train/2273.mp4,3.861111111
train/2274.mp4,3.638888889
train/2275.mp4,2.972222222
train/2276.mp4,4.166666667
train/2277.mp4,4.055555556
train/2278.mp4,4.111111111
train/2279.mp4,3.888888889
train/2280.mp4,3.75
train/2281.mp4,3.305555556
train/2282.mp4,2.5
train/2283.mp4,3.305555556
train/2284.mp4,3.527777778
train/2285.mp4,3.472222222
train/2286.mp4,3.416666667
train/2287.mp4,3.361111111
train/2288.mp4,3.0
train/2289.mp4,2.5
train/2290.mp4,2.805555556
train/2291.mp4,3.416666667
train/2292.mp4,3.055555556
train/2293.mp4,3.222222222
train/2294.mp4,3.083333333
train/2295.mp4,2.527777778
train/2296.mp4,2.527777778
train/2297.mp4,3.333333333
train/2298.mp4,3.694444444
train/2299.mp4,3.805555556
train/2300.mp4,3.527777778
train/2301.mp4,3.416666667
train/2302.mp4,2.916666667
train/2303.mp4,2.722222222
train/2304.mp4,3.444444444
train/2305.mp4,3.638888889
train/2306.mp4,3.694444444
train/2307.mp4,3.5
train/2308.mp4,3.611111111
train/2309.mp4,3.027777778
train/2310.mp4,2.722222222
train/2311.mp4,3.222222222
train/2312.mp4,2.722222222
train/2313.mp4,2.527777778
train/2314.mp4,2.472222222
train/2315.mp4,2.611111111
train/2316.mp4,2.388888889
train/2317.mp4,1.777777778
train/2318.mp4,2.944444444
train/2319.mp4,3.305555556
train/2320.mp4,3.055555556
train/2321.mp4,3.166666667
train/2322.mp4,2.944444444
train/2323.mp4,2.777777778
train/2324.mp4,2.5
train/2325.mp4,4.0
train/2326.mp4,3.916666667
train/2327.mp4,3.638888889
train/2328.mp4,3.777777778
train/2329.mp4,3.75
train/2330.mp4,3.222222222
train/2331.mp4,3.0
train/2332.mp4,4.25
train/2333.mp4,4.0
train/2334.mp4,3.861111111
train/2335.mp4,3.583333333
train/2336.mp4,3.083333333
train/2337.mp4,2.972222222
train/2338.mp4,2.055555556
train/2339.mp4,3.277777778
train/2340.mp4,3.305555556
train/2341.mp4,3.222222222
train/2342.mp4,3.166666667
train/2343.mp4,3.25
train/2344.mp4,3.222222222
train/2345.mp4,2.722222222
train/2346.mp4,3.444444444
train/2347.mp4,3.333333333
train/2348.mp4,3.222222222
train/2349.mp4,3.083333333
train/2350.mp4,2.888888889
train/2351.mp4,2.861111111
train/2352.mp4,2.166666667
train/2353.mp4,3.305555556
train/2354.mp4,3.805555556
train/2355.mp4,3.611111111
train/2356.mp4,3.5
train/2357.mp4,3.416666667
train/2358.mp4,3.277777778
train/2359.mp4,2.777777778
train/2360.mp4,3.25
train/2361.mp4,3.472222222
train/2362.mp4,3.472222222
train/2363.mp4,3.361111111
train/2364.mp4,3.222222222
train/2365.mp4,2.916666667
train/2366.mp4,2.527777778
train/2367.mp4,3.388888889
train/2368.mp4,3.5
train/2369.mp4,3.638888889
train/2370.mp4,3.444444444
train/2371.mp4,3.277777778
train/2372.mp4,3.111111111
train/2373.mp4,2.805555556
train/2374.mp4,3.305555556
train/2375.mp4,3.777777778
train/2376.mp4,3.833333333
train/2377.mp4,3.527777778
train/2378.mp4,3.416666667
train/2379.mp4,3.277777778
train/2380.mp4,2.972222222
train/2381.mp4,3.638888889
train/2382.mp4,3.777777778
train/2383.mp4,3.777777778
train/2384.mp4,3.555555556
train/2385.mp4,3.777777778
train/2386.mp4,3.472222222
train/2387.mp4,3.0
train/2388.mp4,2.916666667
train/2389.mp4,3.083333333
train/2390.mp4,3.0
train/2391.mp4,3.166666667
train/2392.mp4,2.916666667
train/2393.mp4,2.944444444
train/2394.mp4,2.833333333
train/2395.mp4,2.694444444
train/2396.mp4,2.888888889
train/2397.mp4,2.888888889
train/2398.mp4,2.972222222
train/2399.mp4,2.722222222
train/2400.mp4,2.805555556
train/2401.mp4,2.583333333
train/2402.mp4,2.944444444
train/2403.mp4,2.861111111
train/2404.mp4,2.861111111
train/2405.mp4,2.777777778
train/2406.mp4,2.833333333
train/2407.mp4,2.777777778
train/2408.mp4,2.527777778
train/2409.mp4,3.0
train/2410.mp4,3.194444444
train/2411.mp4,3.166666667
train/2412.mp4,2.944444444
train/2413.mp4,3.0
train/2414.mp4,2.722222222
train/2415.mp4,2.527777778
train/2416.mp4,3.638888889
train/2417.mp4,3.388888889
train/2418.mp4,3.416666667
train/2419.mp4,3.222222222
train/2420.mp4,3.361111111
train/2421.mp4,2.805555556
train/2422.mp4,2.694444444
train/2423.mp4,3.833333333
train/2424.mp4,3.972222222
train/2425.mp4,3.777777778
train/2426.mp4,3.583333333
train/2427.mp4,3.472222222
train/2428.mp4,3.361111111
train/2429.mp4,2.805555556
train/2430.mp4,3.972222222
train/2431.mp4,3.805555556
train/2432.mp4,3.722222222
train/2433.mp4,3.583333333
train/2434.mp4,3.611111111
train/2435.mp4,3.083333333
train/2436.mp4,2.416666667
train/2437.mp4,3.777777778
train/2438.mp4,3.666666667
train/2439.mp4,3.583333333
train/2440.mp4,3.555555556
train/2441.mp4,3.416666667
train/2442.mp4,2.916666667
train/2443.mp4,2.166666667
train/2444.mp4,3.722222222
train/2445.mp4,3.666666667
train/2446.mp4,3.416666667
train/2447.mp4,3.388888889
train/2448.mp4,3.222222222
train/2449.mp4,3.361111111
train/2450.mp4,2.277777778
train/2451.mp4,3.305555556
train/2452.mp4,3.611111111
train/2453.mp4,3.611111111
train/2454.mp4,3.416666667
train/2455.mp4,3.277777778
train/2456.mp4,3.166666667
train/2457.mp4,2.638888889
train/2458.mp4,3.888888889
train/2459.mp4,3.972222222
train/2460.mp4,3.916666667
train/2461.mp4,3.694444444
train/2462.mp4,3.388888889
train/2463.mp4,3.222222222
train/2464.mp4,2.805555556
train/2465.mp4,3.694444444
train/2466.mp4,3.833333333
train/2467.mp4,3.805555556
train/2468.mp4,3.638888889
train/2469.mp4,3.305555556
train/2470.mp4,3.138888889
train/2471.mp4,2.388888889
train/2472.mp4,3.388888889
train/2473.mp4,3.666666667
train/2474.mp4,3.444444444
train/2475.mp4,3.444444444
train/2476.mp4,3.333333333
train/2477.mp4,3.361111111
train/2478.mp4,3.027777778
train/2479.mp4,3.777777778
train/2480.mp4,3.861111111
train/2481.mp4,3.722222222
train/2482.mp4,3.694444444
train/2483.mp4,3.638888889
train/2484.mp4,3.361111111
train/2485.mp4,2.944444444
train/2486.mp4,3.666666667
train/2487.mp4,3.527777778
train/2488.mp4,3.277777778
train/2489.mp4,3.388888889
train/2490.mp4,3.138888889
train/2491.mp4,3.0
train/2492.mp4,2.583333333
train/2493.mp4,3.75
train/2494.mp4,3.666666667
train/2495.mp4,3.694444444
train/2496.mp4,3.527777778
train/2497.mp4,3.25
train/2498.mp4,2.694444444
train/2499.mp4,2.083333333
train/2500.mp4,3.5
train/2501.mp4,3.805555556
train/2502.mp4,3.722222222
train/2503.mp4,3.638888889
train/2504.mp4,3.5
train/2505.mp4,3.138888889
train/2506.mp4,2.555555556
train/2507.mp4,3.777777778
train/2508.mp4,3.722222222
train/2509.mp4,3.888888889
train/2510.mp4,3.583333333
train/2511.mp4,3.611111111
train/2512.mp4,3.666666667
train/2513.mp4,2.861111111
train/2514.mp4,4.305555556
train/2515.mp4,4.25
train/2516.mp4,4.166666667
train/2517.mp4,4.222222222
train/2518.mp4,4.138888889
train/2519.mp4,3.916666667
train/2520.mp4,3.555555556
train/2521.mp4,3.527777778
train/2522.mp4,3.333333333
train/2523.mp4,3.472222222
train/2524.mp4,3.305555556
train/2525.mp4,2.972222222
train/2526.mp4,2.472222222
train/2527.mp4,1.888888889
train/2528.mp4,3.166666667
train/2529.mp4,3.0
train/2530.mp4,2.944444444
train/2531.mp4,2.777777778
train/2532.mp4,2.611111111
train/2533.mp4,2.416666667
train/2534.mp4,2.055555556
train/2535.mp4,3.527777778
train/2536.mp4,3.638888889
train/2537.mp4,3.555555556
train/2538.mp4,3.611111111
train/2539.mp4,3.472222222
train/2540.mp4,3.361111111
train/2541.mp4,3.416666667
train/2542.mp4,3.805555556
train/2543.mp4,3.777777778
train/2544.mp4,3.694444444
train/2545.mp4,3.611111111
train/2546.mp4,3.75
train/2547.mp4,3.5
train/2548.mp4,3.472222222
train/2549.mp4,3.611111111
train/2550.mp4,3.722222222
train/2551.mp4,3.75
train/2552.mp4,3.611111111
train/2553.mp4,3.777777778
train/2554.mp4,3.527777778
train/2555.mp4,3.083333333
train/2556.mp4,2.861111111
train/2557.mp4,3.361111111
train/2558.mp4,3.25
train/2559.mp4,3.111111111
train/2560.mp4,2.916666667
train/2561.mp4,2.527777778
train/2562.mp4,2.111111111
train/2563.mp4,3.611111111
train/2564.mp4,3.944444444
train/2565.mp4,3.916666667
train/2566.mp4,3.722222222
train/2567.mp4,3.527777778
train/2568.mp4,3.527777778
train/2569.mp4,2.666666667
train/2570.mp4,3.138888889
train/2571.mp4,3.527777778
train/2572.mp4,3.222222222
train/2573.mp4,3.527777778
train/2574.mp4,3.083333333
train/2575.mp4,3.055555556
train/2576.mp4,2.75
train/2577.mp4,4.472222222
train/2578.mp4,4.277777778
train/2579.mp4,4.138888889
train/2580.mp4,4.111111111
train/2581.mp4,3.638888889
train/2582.mp4,2.916666667
train/2583.mp4,2.666666667
train/2584.mp4,4.194444444
train/2585.mp4,4.0
train/2586.mp4,3.777777778
train/2587.mp4,3.805555556
train/2588.mp4,3.583333333
train/2589.mp4,2.861111111
train/2590.mp4,2.444444444
train/2591.mp4,3.972222222
train/2592.mp4,3.888888889
train/2593.mp4,3.722222222
train/2594.mp4,3.861111111
train/2595.mp4,3.777777778
train/2596.mp4,3.694444444
train/2597.mp4,3.361111111
train/2598.mp4,3.583333333
train/2599.mp4,3.583333333
train/2600.mp4,3.611111111
train/2601.mp4,3.416666667
train/2602.mp4,3.416666667
train/2603.mp4,2.944444444
train/2604.mp4,2.5
train/2605.mp4,3.666666667
train/2606.mp4,3.777777778
train/2607.mp4,3.833333333
train/2608.mp4,3.527777778
train/2609.mp4,3.361111111
train/2610.mp4,2.638888889
train/2611.mp4,2.111111111
train/2612.mp4,3.111111111
train/2613.mp4,3.361111111
train/2614.mp4,3.25
train/2615.mp4,3.222222222
train/2616.mp4,2.944444444
train/2617.mp4,3.0
train/2618.mp4,2.611111111
train/2619.mp4,2.666666667
train/2620.mp4,2.583333333
train/2621.mp4,2.722222222
train/2622.mp4,2.527777778
train/2623.mp4,2.527777778
train/2624.mp4,2.472222222
train/2625.mp4,2.055555556
train/2626.mp4,2.75
train/2627.mp4,3.0
train/2628.mp4,3.083333333
train/2629.mp4,2.972222222
train/2630.mp4,2.972222222
train/2631.mp4,2.75
train/2632.mp4,2.25
train/2633.mp4,3.777777778
train/2634.mp4,3.694444444
train/2635.mp4,3.5
train/2636.mp4,3.583333333
train/2637.mp4,3.472222222
train/2638.mp4,2.916666667
train/2639.mp4,2.25
train/2640.mp4,3.75
train/2641.mp4,3.75
train/2642.mp4,3.805555556
train/2643.mp4,3.75
train/2644.mp4,3.333333333
train/2645.mp4,3.083333333
train/2646.mp4,2.527777778
train/2647.mp4,3.861111111
train/2648.mp4,3.777777778
train/2649.mp4,3.75
train/2650.mp4,3.666666667
train/2651.mp4,3.611111111
train/2652.mp4,3.138888889
train/2653.mp4,3.416666667
train/2654.mp4,4.194444444
train/2655.mp4,4.166666667
train/2656.mp4,4.027777778
train/2657.mp4,3.777777778
train/2658.mp4,3.277777778
train/2659.mp4,2.805555556
train/2660.mp4,2.444444444
train/2661.mp4,4.111111111
train/2662.mp4,4.0
train/2663.mp4,3.666666667
train/2664.mp4,3.388888889
train/2665.mp4,3.333333333
train/2666.mp4,3.0
train/2667.mp4,2.472222222
train/2668.mp4,3.083333333
train/2669.mp4,3.027777778
train/2670.mp4,3.027777778
train/2671.mp4,2.861111111
train/2672.mp4,2.833333333
train/2673.mp4,2.444444444
train/2674.mp4,2.444444444
train/2675.mp4,3.472222222
train/2676.mp4,3.555555556
train/2677.mp4,3.583333333
train/2678.mp4,3.444444444
train/2679.mp4,3.388888889
train/2680.mp4,3.361111111
train/2681.mp4,2.833333333
train/2682.mp4,4.138888889
train/2683.mp4,3.972222222
train/2684.mp4,4.027777778
train/2685.mp4,4.055555556
train/2686.mp4,3.75
train/2687.mp4,3.055555556
train/2688.mp4,2.361111111
train/2689.mp4,3.666666667
train/2690.mp4,3.75
train/2691.mp4,3.638888889
train/2692.mp4,3.694444444
train/2693.mp4,3.388888889
train/2694.mp4,3.333333333
train/2695.mp4,2.805555556
train/2696.mp4,2.833333333
train/2697.mp4,2.916666667
train/2698.mp4,3.027777778
train/2699.mp4,3.0
train/2700.mp4,2.861111111
train/2701.mp4,2.777777778
train/2702.mp4,2.444444444
train/2703.mp4,3.694444444
train/2704.mp4,3.5
train/2705.mp4,3.75
train/2706.mp4,3.472222222
train/2707.mp4,3.527777778
train/2708.mp4,2.972222222
train/2709.mp4,2.638888889
train/2710.mp4,4.138888889
train/2711.mp4,4.222222222
train/2712.mp4,4.027777778
train/2713.mp4,3.888888889
train/2714.mp4,3.805555556
train/2715.mp4,2.888888889
train/2716.mp4,2.583333333
train/2717.mp4,2.138888889
train/2718.mp4,2.333333333
train/2719.mp4,2.222222222
train/2720.mp4,2.0
train/2721.mp4,1.888888889
train/2722.mp4,1.5
train/2723.mp4,1.472222222
train/2724.mp4,3.055555556
train/2725.mp4,3.111111111
train/2726.mp4,3.166666667
train/2727.mp4,2.944444444
train/2728.mp4,3.222222222
train/2729.mp4,2.777777778
train/2730.mp4,2.5
train/2731.mp4,3.95
train/2732.mp4,4.2
train/2733.mp4,3.95
train/2734.mp4,3.95
train/2735.mp4,3.7
train/2736.mp4,3.5
train/2737.mp4,3.25
train/2738.mp4,3.5
train/2739.mp4,3.527777778
train/2740.mp4,3.388888889
train/2741.mp4,3.361111111
train/2742.mp4,3.0
train/2743.mp4,2.777777778
train/2744.mp4,2.055555556
train/2745.mp4,3.527777778
train/2746.mp4,3.416666667
train/2747.mp4,3.277777778
train/2748.mp4,3.055555556
train/2749.mp4,3.027777778
train/2750.mp4,2.611111111
train/2751.mp4,1.805555556
train/2752.mp4,3.527777778
train/2753.mp4,3.555555556
train/2754.mp4,3.666666667
train/2755.mp4,3.305555556
train/2756.mp4,3.222222222
train/2757.mp4,2.888888889
train/2758.mp4,2.611111111
train/2759.mp4,4.0
train/2760.mp4,3.85
train/2761.mp4,3.8
train/2762.mp4,3.65
train/2763.mp4,3.65
train/2764.mp4,3.5
train/2765.mp4,2.95
train/2766.mp4,4.111111111
train/2767.mp4,4.083333333
train/2768.mp4,4.083333333
train/2769.mp4,3.916666667
train/2770.mp4,3.888888889
train/2771.mp4,3.555555556
train/2772.mp4,2.694444444
train/2773.mp4,3.527777778
train/2774.mp4,3.638888889
train/2775.mp4,3.527777778
train/2776.mp4,3.555555556
train/2777.mp4,3.388888889
train/2778.mp4,3.027777778
train/2779.mp4,2.611111111
train/2780.mp4,3.694444444
train/2781.mp4,3.666666667
train/2782.mp4,3.666666667
train/2783.mp4,3.388888889
train/2784.mp4,3.305555556
train/2785.mp4,3.111111111
train/2786.mp4,2.722222222
train/2787.mp4,3.972222222
train/2788.mp4,4.055555556
train/2789.mp4,4.25
train/2790.mp4,4.0
train/2791.mp4,3.666666667
train/2792.mp4,3.416666667
train/2793.mp4,3.222222222
train/2794.mp4,3.277777778
train/2795.mp4,3.416666667
train/2796.mp4,3.277777778
train/2797.mp4,3.166666667
train/2798.mp4,3.027777778
train/2799.mp4,2.777777778
train/2800.mp4,2.388888889
train/2801.mp4,2.5
train/2802.mp4,2.45
train/2803.mp4,2.45
train/2804.mp4,2.45
train/2805.mp4,2.5
train/2806.mp4,2.35
train/2807.mp4,2.25
train/2808.mp4,3.25
train/2809.mp4,3.333333333
train/2810.mp4,3.305555556
train/2811.mp4,3.222222222
train/2812.mp4,3.111111111
train/2813.mp4,2.805555556
train/2814.mp4,2.722222222
train/2815.mp4,2.972222222
train/2816.mp4,3.277777778
train/2817.mp4,3.388888889
train/2818.mp4,3.111111111
train/2819.mp4,2.916666667
train/2820.mp4,2.916666667
train/2821.mp4,2.444444444
train/2822.mp4,2.333333333
train/2823.mp4,2.361111111
train/2824.mp4,2.444444444
train/2825.mp4,2.555555556
train/2826.mp4,2.25
train/2827.mp4,2.027777778
train/2828.mp4,1.972222222
train/2829.mp4,4.305555556
train/2830.mp4,4.083333333
train/2831.mp4,3.944444444
train/2832.mp4,3.861111111
train/2833.mp4,3.75
train/2834.mp4,3.611111111
train/2835.mp4,3.055555556
train/2836.mp4,2.833333333
train/2837.mp4,2.833333333
train/2838.mp4,2.583333333
train/2839.mp4,2.305555556
train/2840.mp4,2.0
train/2841.mp4,1.583333333
train/2842.mp4,1.305555556
train/2843.mp4,4.055555556
train/2844.mp4,3.638888889
train/2845.mp4,3.611111111
train/2846.mp4,3.638888889
train/2847.mp4,3.305555556
train/2848.mp4,3.111111111
train/2849.mp4,2.333333333
train/2850.mp4,3.972222222
train/2851.mp4,3.972222222
train/2852.mp4,3.944444444
train/2853.mp4,3.861111111
train/2854.mp4,3.777777778
train/2855.mp4,3.166666667
train/2856.mp4,2.555555556
train/2857.mp4,4.25
train/2858.mp4,4.5
train/2859.mp4,4.472222222
train/2860.mp4,4.277777778
train/2861.mp4,4.027777778
train/2862.mp4,3.5
train/2863.mp4,3.388888889
train/2864.mp4,2.861111111
train/2865.mp4,2.555555556
train/2866.mp4,2.583333333
train/2867.mp4,2.5
train/2868.mp4,2.388888889
train/2869.mp4,2.166666667
train/2870.mp4,2.0
train/2871.mp4,3.5
train/2872.mp4,3.611111111
train/2873.mp4,3.472222222
train/2874.mp4,3.416666667
train/2875.mp4,3.277777778
train/2876.mp4,3.083333333
train/2877.mp4,2.75
train/2878.mp4,3.75
train/2879.mp4,3.777777778
train/2880.mp4,3.527777778
train/2881.mp4,3.111111111
train/2882.mp4,2.944444444
train/2883.mp4,2.611111111
train/2884.mp4,1.777777778
train/2885.mp4,3.75
train/2886.mp4,3.75
train/2887.mp4,3.694444444
train/2888.mp4,3.611111111
train/2889.mp4,3.5
train/2890.mp4,2.972222222
train/2891.mp4,2.75
train/2892.mp4,3.305555556
train/2893.mp4,2.944444444
train/2894.mp4,2.888888889
train/2895.mp4,2.722222222
train/2896.mp4,2.666666667
train/2897.mp4,2.5
train/2898.mp4,2.222222222
train/2899.mp4,2.277777778
train/2900.mp4,2.305555556
train/2901.mp4,2.388888889
train/2902.mp4,2.194444444
train/2903.mp4,2.111111111
train/2904.mp4,1.861111111
train/2905.mp4,1.5
train/2906.mp4,2.944444444
train/2907.mp4,3.444444444
train/2908.mp4,3.416666667
train/2909.mp4,3.333333333
train/2910.mp4,3.111111111
train/2911.mp4,2.833333333
train/2912.mp4,2.305555556
train/2913.mp4,3.555555556
train/2914.mp4,3.555555556
train/2915.mp4,3.5
train/2916.mp4,3.388888889
train/2917.mp4,3.194444444
train/2918.mp4,3.083333333
train/2919.mp4,2.555555556
train/2920.mp4,2.25
train/2921.mp4,2.111111111
train/2922.mp4,2.138888889
train/2923.mp4,2.138888889
train/2924.mp4,1.972222222
train/2925.mp4,1.805555556
train/2926.mp4,1.527777778
